estacion_id,fecha_utc,nivel_m,precip_mm_1h,precip_mm_24h,caudal_estimado,rssi,bateria_pct,fuente_comunicacion,target_riesgo
RIMAC_001,2026-01-20T00:00:00Z,1.4,0.7,8.8,2.62,-63,56.1,gsm,0
RIMAC_001,2026-01-20T01:00:00Z,1.34,1.9,6.5,3.28,-68,56.0,lorawan,0
RIMAC_001,2026-01-20T02:00:00Z,1.26,2.3,1.2,2.61,-66,55.8,satelital,0
RIMAC_001,2026-01-20T03:00:00Z,1.17,0.9,7.5,2.29,-77,55.7,lorawan,0
RIMAC_001,2026-01-20T04:00:00Z,1.07,1.1,5.4,2.23,-91,55.3,lorawan,0
RIMAC_001,2026-01-20T05:00:00Z,1.1,0.7,5.5,2.59,-92,55.1,lorawan,0
RIMAC_001,2026-01-20T06:00:00Z,0.97,1.2,0.8,2.3,-66,54.9,lorawan,0
RIMAC_001,2026-01-20T07:00:00Z,0.94,1.7,3.2,1.99,-63,54.7,lorawan,0
RIMAC_001,2026-01-20T08:00:00Z,0.83,0.5,1.9,1.75,-79,54.4,lorawan,0
RIMAC_001,2026-01-20T09:00:00Z,0.77,0.3,10.6,1.6,-95,54.2,gsm,0
RIMAC_001,2026-01-20T10:00:00Z,0.69,1.5,2.1,1.41,-86,53.8,lorawan,0
RIMAC_001,2026-01-20T11:00:00Z,0.61,2.3,6.4,1.11,-76,53.4,lorawan,0
RIMAC_001,2026-01-20T12:00:00Z,0.53,2.8,1.0,1.28,-65,53.0,lorawan,0
RIMAC_001,2026-01-20T13:00:00Z,0.54,2.6,5.1,1.29,-72,52.8,gsm,0
RIMAC_001,2026-01-20T14:00:00Z,0.52,0.7,0.8,1.18,-92,52.7,lorawan,0
RIMAC_001,2026-01-20T15:00:00Z,0.41,0.2,2.9,0.78,-65,52.2,satelital,0
RIMAC_001,2026-01-20T16:00:00Z,0.38,0.6,1.2,0.83,-89,51.8,gsm,0
RIMAC_001,2026-01-20T17:00:00Z,0.34,2.6,3.0,0.73,-91,51.6,gsm,0
RIMAC_001,2026-01-20T18:00:00Z,0.46,11.9,96.9,1.11,-65,51.4,satelital,1
RIMAC_001,2026-01-20T19:00:00Z,0.81,7.5,45.0,1.97,-60,51.2,satelital,0
RIMAC_001,2026-01-20T20:00:00Z,1.1,8.7,85.6,2.64,-63,51.1,gsm,0
RIMAC_001,2026-01-20T21:00:00Z,1.31,14.6,92.6,3.07,-80,50.9,lorawan,1
RIMAC_001,2026-01-20T22:00:00Z,1.65,9.8,81.5,3.24,-70,50.5,gsm,0
RIMAC_001,2026-01-20T23:00:00Z,1.58,0.9,9.0,4.11,-82,50.0,lorawan,0
RIMAC_001,2026-01-21T00:00:00Z,1.5,2.6,10.6,3.7,-104,49.6,gsm,0
RIMAC_001,2026-01-21T01:00:00Z,1.46,2.0,11.3,2.75,-82,49.3,lorawan,0
RIMAC_001,2026-01-21T02:00:00Z,1.5,2.6,6.1,2.76,-106,48.9,lorawan,0
RIMAC_001,2026-01-21T03:00:00Z,1.39,0.8,8.9,2.51,-86,48.8,satelital,0
RIMAC_001,2026-01-21T04:00:00Z,1.39,0.4,1.5,3.39,-82,48.4,gsm,0
RIMAC_001,2026-01-21T05:00:00Z,1.31,2.3,10.6,2.52,-84,47.9,lorawan,0
RIMAC_001,2026-01-21T06:00:00Z,1.26,2.8,9.4,3.01,-89,47.7,lorawan,0
RIMAC_001,2026-01-21T07:00:00Z,1.17,0.7,9.8,2.85,-74,33.6,lorawan,0
RIMAC_001,2026-01-21T08:00:00Z,1.19,0.8,7.7,2.65,-79,33.2,satelital,0
RIMAC_001,2026-01-21T09:00:00Z,1.05,1.8,4.1,2.72,-83,33.0,gsm,0
RIMAC_001,2026-01-21T10:00:00Z,1.02,1.6,9.7,2.44,-74,32.8,gsm,0
RIMAC_001,2026-01-21T11:00:00Z,0.93,2.2,3.6,1.97,-69,32.6,satelital,0
RIMAC_001,2026-01-21T12:00:00Z,0.9,2.7,7.4,1.62,-75,32.4,satelital,0
RIMAC_001,2026-01-21T13:00:00Z,0.82,1.5,9.5,1.91,-74,32.2,lorawan,0
RIMAC_001,2026-01-21T14:00:00Z,0.75,0.7,2.4,1.64,-69,31.7,gsm,0
RIMAC_001,2026-01-21T15:00:00Z,0.75,2.1,5.9,1.35,-89,31.3,lorawan,0
RIMAC_001,2026-01-21T16:00:00Z,0.68,2.9,6.2,1.69,-62,31.1,gsm,0
RIMAC_001,2026-01-21T17:00:00Z,0.66,2.3,5.3,1.41,-85,30.6,satelital,0
RIMAC_001,2026-01-21T18:00:00Z,0.61,2.3,10.1,1.33,-77,30.4,satelital,0
RIMAC_001,2026-01-21T19:00:00Z,0.56,1.6,1.7,1.32,-61,30.3,lorawan,0
RIMAC_001,2026-01-21T20:00:00Z,0.5,1.3,10.9,1.24,-95,29.9,satelital,0
RIMAC_001,2026-01-21T21:00:00Z,0.45,2.6,11.4,1.01,-81,29.5,satelital,0
RIMAC_001,2026-01-21T22:00:00Z,0.34,1.0,8.1,0.74,-94,29.4,gsm,0
RIMAC_001,2026-01-21T23:00:00Z,0.34,0.1,7.7,0.63,-75,29.1,satelital,0
CHILLON_001,2026-01-20T00:00:00Z,1.77,1.4,9.0,3.5,-93,82.5,lorawan,0
CHILLON_001,2026-01-20T01:00:00Z,1.71,0.1,1.8,3.85,-72,82.3,gsm,0
CHILLON_001,2026-01-20T02:00:00Z,1.64,2.2,9.3,3.71,-71,81.9,gsm,0
CHILLON_001,2026-01-20T03:00:00Z,1.64,1.8,10.0,3.35,-93,81.5,satelital,0
CHILLON_001,2026-01-20T04:00:00Z,1.6,0.2,7.8,3.51,-66,81.2,satelital,0
CHILLON_001,2026-01-20T05:00:00Z,1.58,1.6,7.8,3.82,-78,80.9,lorawan,0
CHILLON_001,2026-01-20T06:00:00Z,1.49,0.3,10.6,3.41,-84,53.7,satelital,0
CHILLON_001,2026-01-20T07:00:00Z,1.4,1.0,10.6,2.53,-69,53.2,lorawan,0
CHILLON_001,2026-01-20T08:00:00Z,1.29,1.9,5.9,2.55,-72,52.8,gsm,0
CHILLON_001,2026-01-20T09:00:00Z,1.28,3.0,6.6,2.62,-75,52.6,gsm,0
CHILLON_001,2026-01-20T10:00:00Z,1.19,2.1,2.3,2.7,-89,52.2,satelital,0
CHILLON_001,2026-01-20T11:00:00Z,1.12,0.5,0.2,2.89,-87,51.9,satelital,0
CHILLON_001,2026-01-20T12:00:00Z,1.07,0.0,3.4,2.75,-88,51.7,satelital,0
CHILLON_001,2026-01-20T13:00:00Z,1.09,1.7,8.2,2.79,-60,51.5,gsm,0
CHILLON_001,2026-01-20T14:00:00Z,1.05,1.9,9.3,2.14,-92,51.2,gsm,0
CHILLON_001,2026-01-20T15:00:00Z,0.92,2.3,7.5,1.83,-69,50.9,gsm,0
CHILLON_001,2026-01-20T16:00:00Z,0.96,0.1,3.5,1.78,-83,50.7,gsm,0
CHILLON_001,2026-01-20T17:00:00Z,0.85,0.4,3.2,2.07,-77,50.4,satelital,0
CHILLON_001,2026-01-20T18:00:00Z,0.83,2.1,11.3,1.55,-75,50.2,lorawan,0
CHILLON_001,2026-01-20T19:00:00Z,0.81,2.9,10.0,2.11,-93,49.9,lorawan,0
CHILLON_001,2026-01-20T20:00:00Z,0.74,2.0,11.0,1.71,-73,49.6,satelital,0
CHILLON_001,2026-01-20T21:00:00Z,0.63,2.6,4.0,1.61,-66,49.2,satelital,0
CHILLON_001,2026-01-20T22:00:00Z,0.64,2.9,4.9,1.49,-83,48.8,gsm,0
CHILLON_001,2026-01-20T23:00:00Z,0.56,1.9,9.1,1.42,-110,48.6,gsm,0
CHILLON_001,2026-01-21T00:00:00Z,0.53,2.1,3.7,1.05,-88,48.1,lorawan,0
CHILLON_001,2026-01-21T01:00:00Z,0.53,2.1,6.1,1.37,-71,47.9,gsm,0
CHILLON_001,2026-01-21T02:00:00Z,0.48,2.6,10.4,1.02,-95,47.5,satelital,0
CHILLON_001,2026-01-21T03:00:00Z,0.36,1.7,7.9,0.79,-71,47.2,satelital,0
CHILLON_001,2026-01-21T04:00:00Z,0.35,2.9,2.9,0.75,-71,47.0,gsm,0
CHILLON_001,2026-01-21T05:00:00Z,0.26,2.0,1.8,0.67,-67,46.8,satelital,0
CHILLON_001,2026-01-21T06:00:00Z,0.26,0.4,10.5,0.63,-70,46.6,satelital,0
CHILLON_001,2026-01-21T07:00:00Z,0.32,2.6,4.6,0.77,-91,46.1,gsm,0
CHILLON_001,2026-01-21T08:00:00Z,0.26,3.0,9.0,0.6,-76,45.7,lorawan,0
CHILLON_001,2026-01-21T09:00:00Z,0.27,0.2,4.3,0.58,-84,45.3,satelital,0
CHILLON_001,2026-01-21T10:00:00Z,0.3,0.7,11.0,0.6,-77,19.0,lorawan,0
CHILLON_001,2026-01-21T11:00:00Z,0.35,2.8,11.9,0.82,-71,18.7,lorawan,0
CHILLON_001,2026-01-21T12:00:00Z,0.73,11.1,92.5,1.89,-92,18.3,gsm,1
CHILLON_001,2026-01-21T13:00:00Z,1.15,14.1,101.0,2.39,-87,18.0,gsm,1
CHILLON_001,2026-01-21T14:00:00Z,1.48,8.8,68.2,2.77,-84,17.8,gsm,0
CHILLON_001,2026-01-21T15:00:00Z,1.66,9.3,74.4,4.2,-77,17.3,satelital,0
CHILLON_001,2026-01-21T16:00:00Z,25.0,1.4,0.9,3.72,-60,16.9,satelital,1
CHILLON_001,2026-01-21T17:00:00Z,1.51,0.4,4.4,3.18,-81,16.6,gsm,0
CHILLON_001,2026-01-21T18:00:00Z,1.45,1.7,11.0,3.57,-69,16.1,lorawan,0
CHILLON_001,2026-01-21T19:00:00Z,1.51,0.9,5.9,2.88,-61,15.8,gsm,0
CHILLON_001,2026-01-21T20:00:00Z,1.39,2.7,7.9,3.55,-82,15.6,lorawan,0
CHILLON_001,2026-01-21T21:00:00Z,1.36,0.3,8.2,2.84,-88,15.4,satelital,0
CHILLON_001,2026-01-21T22:00:00Z,1.17,0.6,7.7,2.42,-82,14.9,gsm,0
CHILLON_001,2026-01-21T23:00:00Z,1.14,0.6,10.4,2.87,-86,14.8,gsm,0
LURIN_001,2026-01-20T00:00:00Z,0.92,0.0,9.5,1.78,-62,89.7,lorawan,0
LURIN_001,2026-01-20T01:00:00Z,0.91,2.3,6.2,2.33,-62,89.6,gsm,0
LURIN_001,2026-01-20T02:00:00Z,0.87,0.2,5.7,1.91,-90,89.1,lorawan,0
LURIN_001,2026-01-20T03:00:00Z,0.77,0.8,7.6,2.0,-68,88.8,gsm,0
LURIN_001,2026-01-20T04:00:00Z,0.76,2.0,10.5,1.63,-66,88.4,gsm,0
LURIN_001,2026-01-20T05:00:00Z,0.64,1.3,8.0,1.62,-90,88.2,gsm,0
LURIN_001,2026-01-20T06:00:00Z,0.62,2.4,6.7,1.28,-68,88.1,gsm,0
LURIN_001,2026-01-20T07:00:00Z,0.58,0.9,3.7,1.12,-73,87.8,satelital,0
LURIN_001,2026-01-20T08:00:00Z,0.53,0.8,2.7,1.28,-101,87.4,gsm,0
LURIN_001,2026-01-20T09:00:00Z,0.43,0.8,2.2,0.89,-70,87.3,gsm,0
LURIN_001,2026-01-20T10:00:00Z,0.66,6.3,56.4,1.37,-90,87.1,lorawan,0
LURIN_001,2026-01-20T11:00:00Z,0.91,11.6,100.5,1.99,-63,86.8,satelital,1
LURIN_001,2026-01-20T12:00:00Z,1.19,12.1,101.3,2.35,-82,86.3,lorawan,1
LURIN_001,2026-01-20T13:00:00Z,1.39,12.9,92.2,2.98,-81,86.2,gsm,1
LURIN_001,2026-01-20T14:00:00Z,1.51,6.6,62.8,3.83,-70,85.7,satelital,0
LURIN_001,2026-01-20T15:00:00Z,1.56,1.2,11.6,3.38,-68,85.4,lorawan,0
LURIN_001,2026-01-20T16:00:00Z,1.46,1.2,0.9,2.89,-88,84.9,lorawan,0
LURIN_001,2026-01-20T17:00:00Z,1.38,1.0,8.7,2.74,-86,84.8,gsm,0
LURIN_001,2026-01-20T18:00:00Z,1.29,2.9,7.5,2.92,-75,84.4,gsm,0
LURIN_001,2026-01-20T19:00:00Z,1.25,1.3,5.6,2.84,-66,84.2,lorawan,0
LURIN_001,2026-01-20T20:00:00Z,1.08,0.9,7.7,2.46,-93,83.9,gsm,0
LURIN_001,2026-01-20T21:00:00Z,1.04,1.0,5.7,1.96,-90,83.5,lorawan,0
LURIN_001,2026-01-20T22:00:00Z,1.04,2.1,11.9,2.17,-74,83.0,lorawan,0
LURIN_001,2026-01-20T23:00:00Z,1.02,1.9,0.8,2.07,-86,82.6,gsm,0
LURIN_001,2026-01-21T00:00:00Z,0.94,2.8,3.7,1.79,-60,82.2,satelital,0
LURIN_001,2026-01-21T01:00:00Z,0.86,2.0,9.9,1.91,-121,81.9,lorawan,0
LURIN_001,2026-01-21T02:00:00Z,0.86,1.0,9.2,1.65,-63,81.6,gsm,0
LURIN_001,2026-01-21T03:00:00Z,0.69,0.1,4.0,1.45,-85,81.5,lorawan,0
LURIN_001,2026-01-21T04:00:00Z,0.65,2.0,2.9,1.56,-76,81.2,satelital,0
LURIN_001,2026-01-21T05:00:00Z,0.6,0.6,8.1,1.45,-69,80.8,lorawan,0
LURIN_001,2026-01-21T06:00:00Z,0.57,0.4,3.0,1.28,-88,80.6,lorawan,0
LURIN_001,2026-01-21T07:00:00Z,0.53,2.7,1.8,1.05,-94,80.4,satelital,0
LURIN_001,2026-01-21T08:00:00Z,0.38,0.7,11.9,0.97,-86,79.9,satelital,0
LURIN_001,2026-01-21T09:00:00Z,0.35,1.4,10.0,0.8,-86,65.1,gsm,0
LURIN_001,2026-01-21T10:00:00Z,0.27,1.3,9.3,0.54,-91,64.8,satelital,0
LURIN_001,2026-01-21T11:00:00Z,0.26,0.0,6.2,0.56,-69,64.4,gsm,0
LURIN_001,2026-01-21T12:00:00Z,0.3,2.9,0.8,0.78,-65,64.1,satelital,0
LURIN_001,2026-01-21T13:00:00Z,0.28,0.8,0.2,0.67,-74,63.8,satelital,0
LURIN_001,2026-01-21T14:00:00Z,0.3,2.4,2.1,0.71,-91,63.4,satelital,0
LURIN_001,2026-01-21T15:00:00Z,0.28,0.6,9.5,0.57,-65,63.2,gsm,0
LURIN_001,2026-01-21T16:00:00Z,0.28,1.1,9.4,0.53,-67,62.9,satelital,0
LURIN_001,2026-01-21T17:00:00Z,0.33,0.6,8.3,0.66,-68,62.8,lorawan,0
LURIN_001,2026-01-21T18:00:00Z,0.28,1.0,1.0,0.64,-73,62.5,gsm,0
LURIN_001,2026-01-21T19:00:00Z,0.35,1.1,12.0,0.9,-72,62.4,gsm,0
LURIN_001,2026-01-21T20:00:00Z,0.33,2.9,1.7,0.6,-72,62.3,gsm,0
LURIN_001,2026-01-21T21:00:00Z,0.29,0.5,5.4,0.54,-75,62.1,lorawan,0
LURIN_001,2026-01-21T22:00:00Z,0.34,0.1,2.2,0.64,-82,61.7,satelital,0
LURIN_001,2026-01-21T23:00:00Z,0.26,3.0,2.4,0.5,-75,61.3,gsm,0
MANTARO_001,2026-01-20T00:00:00Z,1.3,2.1,11.1,2.87,-87,96.6,satelital,0
MANTARO_001,2026-01-20T01:00:00Z,1.19,1.7,4.4,2.72,-65,96.5,satelital,0
MANTARO_001,2026-01-20T02:00:00Z,1.11,0.2,11.7,2.6,-60,96.2,lorawan,0
MANTARO_001,2026-01-20T03:00:00Z,1.06,0.4,6.0,2.35,-81,96.0,gsm,0
MANTARO_001,2026-01-20T04:00:00Z,0.96,2.5,3.0,1.82,-63,95.8,gsm,0
MANTARO_001,2026-01-20T05:00:00Z,0.89,0.5,7.9,2.2,-94,95.5,gsm,0
MANTARO_001,2026-01-20T06:00:00Z,0.82,0.8,2.5,1.5,-76,95.0,gsm,0
MANTARO_001,2026-01-20T07:00:00Z,0.77,1.4,8.3,1.67,-75,94.8,satelital,0
MANTARO_001,2026-01-20T08:00:00Z,0.7,0.4,4.4,1.52,-89,94.6,satelital,0
MANTARO_001,2026-01-20T09:00:00Z,0.65,1.3,11.6,1.66,-85,94.2,gsm,0
MANTARO_001,2026-01-20T10:00:00Z,0.58,2.6,6.0,1.26,-92,94.0,satelital,0
MANTARO_001,2026-01-20T11:00:00Z,0.5,2.5,8.1,0.94,-72,93.8,satelital,0
MANTARO_001,2026-01-20T12:00:00Z,0.48,0.2,6.7,1.01,-88,93.5,lorawan,0
MANTARO_001,2026-01-20T13:00:00Z,0.43,2.4,4.1,0.84,-108,93.2,satelital,0
MANTARO_001,2026-01-20T14:00:00Z,0.28,1.6,1.8,0.71,-76,93.0,gsm,0
MANTARO_001,2026-01-20T15:00:00Z,0.33,1.6,8.5,0.69,-76,92.6,gsm,0
MANTARO_001,2026-01-20T16:00:00Z,0.32,1.9,7.2,0.82,-92,92.3,lorawan,0
MANTARO_001,2026-01-20T17:00:00Z,0.33,2.2,9.3,0.66,-120,92.0,satelital,0
MANTARO_001,2026-01-20T18:00:00Z,0.34,2.1,4.9,0.85,-87,91.6,gsm,0
MANTARO_001,2026-01-20T19:00:00Z,0.27,2.0,6.3,0.68,-79,91.3,lorawan,0
MANTARO_001,2026-01-20T20:00:00Z,0.35,0.8,3.6,0.85,-64,91.0,satelital,0
MANTARO_001,2026-01-20T21:00:00Z,0.31,2.8,8.7,0.69,-73,90.5,lorawan,0
MANTARO_001,2026-01-20T22:00:00Z,0.29,0.9,8.6,0.58,-61,90.2,gsm,0
MANTARO_001,2026-01-20T23:00:00Z,0.27,0.4,7.4,0.63,-92,89.9,satelital,0
MANTARO_001,2026-01-21T00:00:00Z,0.31,0.3,9.2,0.79,-65,89.6,lorawan,0
MANTARO_001,2026-01-21T01:00:00Z,0.33,0.9,3.4,0.77,-93,89.4,lorawan,0
MANTARO_001,2026-01-21T02:00:00Z,0.33,2.5,11.2,0.8,-77,89.3,lorawan,0
MANTARO_001,2026-01-21T03:00:00Z,0.3,1.8,11.1,0.69,-87,89.0,satelital,0
MANTARO_001,2026-01-21T04:00:00Z,0.31,2.4,4.0,0.74,-77,88.9,lorawan,0
MANTARO_001,2026-01-21T05:00:00Z,12.3,2.6,10.8,0.56,-87,88.5,lorawan,1
MANTARO_001,2026-01-21T06:00:00Z,0.28,0.7,9.0,0.67,-80,88.4,lorawan,0
MANTARO_001,2026-01-21T07:00:00Z,0.34,0.5,8.2,0.82,-77,88.0,lorawan,0
MANTARO_001,2026-01-21T08:00:00Z,0.31,0.4,1.8,0.66,-61,87.7,lorawan,0
MANTARO_001,2026-01-21T09:00:00Z,0.3,2.0,7.1,0.67,-88,87.4,gsm,0
MANTARO_001,2026-01-21T10:00:00Z,0.34,0.6,6.4,0.73,-64,87.1,gsm,0
MANTARO_001,2026-01-21T11:00:00Z,0.31,0.2,1.6,0.7,-94,86.7,lorawan,0
MANTARO_001,2026-01-21T12:00:00Z,0.26,1.7,0.5,0.67,-117,86.2,lorawan,0
MANTARO_001,2026-01-21T13:00:00Z,0.64,12.9,127.8,1.66,-71,86.0,gsm,1
MANTARO_001,2026-01-21T14:00:00Z,1.01,13.9,90.6,2.62,-81,85.7,lorawan,1
MANTARO_001,2026-01-21T15:00:00Z,1.32,10.2,90.2,2.62,-83,85.4,gsm,1
MANTARO_001,2026-01-21T16:00:00Z,1.71,6.3,54.4,4.29,-93,85.2,gsm,0
MANTARO_001,2026-01-21T17:00:00Z,1.91,6.4,57.7,3.77,-63,84.8,lorawan,0
MANTARO_001,2026-01-21T18:00:00Z,1.88,2.2,3.8,3.87,-62,84.6,satelital,0
MANTARO_001,2026-01-21T19:00:00Z,1.76,1.7,7.1,4.12,-73,84.2,gsm,0
MANTARO_001,2026-01-21T20:00:00Z,1.71,1.6,8.4,3.33,-81,83.9,gsm,0
MANTARO_001,2026-01-21T21:00:00Z,1.67,1.4,0.7,3.71,-74,83.7,satelital,0
MANTARO_001,2026-01-21T22:00:00Z,1.62,0.3,8.7,3.79,-83,83.3,gsm,0
MANTARO_001,2026-01-21T23:00:00Z,1.54,1.7,5.8,3.95,-88,83.2,satelital,0
SANTA_001,2026-01-20T00:00:00Z,1.45,1.7,9.3,3.03,-64,90.9,gsm,0
SANTA_001,2026-01-20T01:00:00Z,1.39,2.5,11.0,3.13,-79,90.7,gsm,0
SANTA_001,2026-01-20T02:00:00Z,1.34,1.3,1.8,3.31,-74,90.4,satelital,0
SANTA_001,2026-01-20T03:00:00Z,1.35,1.9,5.9,2.61,-61,90.0,lorawan,0
SANTA_001,2026-01-20T04:00:00Z,1.19,2.5,0.9,2.15,-91,89.9,lorawan,0
SANTA_001,2026-01-20T05:00:00Z,1.2,1.4,0.7,3.04,-114,68.9,gsm,0
SANTA_001,2026-01-20T06:00:00Z,1.09,2.9,0.2,2.66,-89,68.4,lorawan,0
SANTA_001,2026-01-20T07:00:00Z,1.02,1.6,9.8,2.14,-81,68.1,lorawan,0
SANTA_001,2026-01-20T08:00:00Z,0.99,2.6,9.1,2.22,-64,54.6,gsm,0
SANTA_001,2026-01-20T09:00:00Z,0.98,1.7,10.3,1.8,-65,54.4,lorawan,0
SANTA_001,2026-01-20T10:00:00Z,0.87,0.8,6.5,2.16,-86,54.3,gsm,0
SANTA_001,2026-01-20T11:00:00Z,0.85,2.8,3.6,2.11,-71,53.9,lorawan,0
SANTA_001,2026-01-20T12:00:00Z,0.74,2.1,0.9,1.39,-70,53.7,satelital,0
SANTA_001,2026-01-20T13:00:00Z,0.69,0.8,11.9,1.76,-71,53.5,gsm,0
SANTA_001,2026-01-20T14:00:00Z,0.65,0.7,0.9,1.58,-72,53.3,lorawan,0
SANTA_001,2026-01-20T15:00:00Z,0.59,1.3,9.1,1.27,-119,53.0,gsm,0
SANTA_001,2026-01-20T16:00:00Z,0.56,1.8,3.9,1.18,-80,52.8,lorawan,0
SANTA_001,2026-01-20T17:00:00Z,0.5,0.5,3.2,0.97,-91,52.6,lorawan,0
SANTA_001,2026-01-20T18:00:00Z,0.45,1.5,7.4,0.81,-71,52.4,satelital,0
SANTA_001,2026-01-20T19:00:00Z,0.42,1.3,9.9,0.86,-65,52.0,satelital,0
SANTA_001,2026-01-20T20:00:00Z,0.36,0.9,8.3,0.72,-70,51.8,gsm,0
SANTA_001,2026-01-20T21:00:00Z,0.25,3.0,2.2,0.6,-77,51.3,lorawan,0
SANTA_001,2026-01-20T22:00:00Z,0.61,13.2,100.5,1.22,-71,50.9,gsm,1
SANTA_001,2026-01-20T23:00:00Z,1.05,9.6,77.1,2.35,-61,50.5,lorawan,0
SANTA_001,2026-01-21T00:00:00Z,1.24,8.2,71.3,2.79,-74,50.2,satelital,0
SANTA_001,2026-01-21T01:00:00Z,1.61,6.9,47.4,3.78,-66,50.0,gsm,0
SANTA_001,2026-01-21T02:00:00Z,1.87,7.4,73.5,4.74,-86,49.8,satelital,0
SANTA_001,2026-01-21T03:00:00Z,1.83,0.6,5.8,4.31,-120,49.6,gsm,0
SANTA_001,2026-01-21T04:00:00Z,1.76,2.4,11.2,3.95,-66,49.4,satelital,0
SANTA_001,2026-01-21T05:00:00Z,1.73,0.6,7.9,4.34,-95,49.1,lorawan,0
SANTA_001,2026-01-21T06:00:00Z,1.67,2.1,9.6,3.72,-88,48.9,satelital,0
SANTA_001,2026-01-21T07:00:00Z,1.58,1.9,7.2,3.28,-76,48.4,gsm,0
SANTA_001,2026-01-21T08:00:00Z,1.49,0.4,1.4,3.51,-87,48.1,satelital,0
SANTA_001,2026-01-21T09:00:00Z,1.5,1.9,8.3,3.37,-75,47.8,gsm,0
SANTA_001,2026-01-21T10:00:00Z,1.46,1.1,0.1,3.75,-64,47.5,satelital,0
SANTA_001,2026-01-21T11:00:00Z,1.32,0.2,0.4,2.67,-66,47.2,satelital,0
SANTA_001,2026-01-21T12:00:00Z,1.29,0.3,1.4,2.7,-67,46.8,satelital,0
SANTA_001,2026-01-21T13:00:00Z,1.27,2.5,9.0,2.74,-67,46.5,lorawan,0
SANTA_001,2026-01-21T14:00:00Z,1.13,0.7,9.7,2.68,-87,46.2,lorawan,0
SANTA_001,2026-01-21T15:00:00Z,1.05,1.7,6.4,2.71,-63,46.0,gsm,0
SANTA_001,2026-01-21T16:00:00Z,0.99,0.4,9.0,2.0,-87,45.6,gsm,0
SANTA_001,2026-01-21T17:00:00Z,0.94,0.7,10.1,2.17,-91,45.3,lorawan,0
SANTA_001,2026-01-21T18:00:00Z,0.88,2.2,8.3,1.93,-90,44.9,satelital,0
SANTA_001,2026-01-21T19:00:00Z,0.79,2.1,10.2,2.03,-75,44.5,satelital,0
SANTA_001,2026-01-21T20:00:00Z,0.76,0.4,10.2,1.83,-101,44.4,lorawan,0
SANTA_001,2026-01-21T21:00:00Z,0.7,0.0,11.5,1.33,-78,44.0,satelital,0
SANTA_001,2026-01-21T22:00:00Z,0.64,1.1,10.8,1.31,-90,43.6,lorawan,0
SANTA_001,2026-01-21T23:00:00Z,0.58,0.2,7.1,1.05,-68,43.4,satelital,0
CHIRA_001,2026-01-20T00:00:00Z,25.0,0.9,10.6,2.83,-86,91.8,gsm,1
CHIRA_001,2026-01-20T01:00:00Z,1.14,0.5,4.2,2.89,-82,91.4,lorawan,0
CHIRA_001,2026-01-20T02:00:00Z,1.06,0.4,8.8,2.58,-80,91.2,gsm,0
CHIRA_001,2026-01-20T03:00:00Z,1.08,0.9,11.3,2.7,-83,91.0,satelital,0
CHIRA_001,2026-01-20T04:00:00Z,0.99,2.4,9.5,1.97,-95,90.7,satelital,0
CHIRA_001,2026-01-20T05:00:00Z,0.97,2.6,6.8,2.34,-94,90.2,lorawan,0
CHIRA_001,2026-01-20T06:00:00Z,0.87,0.1,0.7,2.0,-70,89.9,gsm,0
CHIRA_001,2026-01-20T07:00:00Z,0.89,0.5,1.0,2.3,-91,89.7,satelital,0
CHIRA_001,2026-01-20T08:00:00Z,0.81,2.5,0.7,1.75,-84,89.4,gsm,0
CHIRA_001,2026-01-20T09:00:00Z,0.77,0.0,6.0,1.89,-78,89.2,lorawan,0
CHIRA_001,2026-01-20T10:00:00Z,0.69,0.1,9.7,1.64,-66,88.9,lorawan,0
CHIRA_001,2026-01-20T11:00:00Z,0.65,1.7,4.4,1.47,-103,88.5,lorawan,0
CHIRA_001,2026-01-20T12:00:00Z,0.7,1.4,4.6,1.74,-69,88.2,lorawan,0
CHIRA_001,2026-01-20T13:00:00Z,0.82,12.5,88.4,1.81,-62,87.7,satelital,1
CHIRA_001,2026-01-20T14:00:00Z,1.22,10.2,72.6,2.74,-76,87.6,lorawan,1
CHIRA_001,2026-01-20T15:00:00Z,1.59,11.3,90.3,4.01,-95,87.2,lorawan,1
CHIRA_001,2026-01-20T16:00:00Z,2.07,9.1,85.3,3.73,-76,86.8,gsm,0
CHIRA_001,2026-01-20T17:00:00Z,1.9,1.3,11.5,3.85,-62,86.7,satelital,0
CHIRA_001,2026-01-20T18:00:00Z,1.89,2.2,7.0,4.0,-87,86.4,satelital,0
CHIRA_001,2026-01-20T19:00:00Z,1.77,2.8,4.7,3.83,-87,86.2,gsm,0
CHIRA_001,2026-01-20T20:00:00Z,1.7,0.3,5.4,3.55,-66,85.8,lorawan,0
CHIRA_001,2026-01-20T21:00:00Z,1.67,2.4,3.7,3.29,-80,85.3,satelital,0
CHIRA_001,2026-01-20T22:00:00Z,1.52,2.0,3.1,3.23,-80,85.0,lorawan,0
CHIRA_001,2026-01-20T23:00:00Z,1.53,0.4,0.1,2.91,-90,84.6,satelital,0
CHIRA_001,2026-01-21T00:00:00Z,1.46,0.2,12.0,3.57,-74,84.5,satelital,0
CHIRA_001,2026-01-21T01:00:00Z,1.36,2.8,5.2,2.86,-84,84.2,satelital,0
CHIRA_001,2026-01-21T02:00:00Z,1.3,0.1,7.4,2.77,-78,83.9,satelital,0
CHIRA_001,2026-01-21T03:00:00Z,1.28,2.7,6.3,3.12,-73,83.4,satelital,0
CHIRA_001,2026-01-21T04:00:00Z,1.16,1.7,3.9,2.64,-78,83.3,satelital,0
CHIRA_001,2026-01-21T05:00:00Z,1.07,2.3,12.0,2.49,-92,83.1,lorawan,0
CHIRA_001,2026-01-21T06:00:00Z,1.07,2.9,4.7,2.07,-73,82.9,lorawan,0
CHIRA_001,2026-01-21T07:00:00Z,1.03,1.1,6.8,2.54,-61,82.5,satelital,0
CHIRA_001,2026-01-21T08:00:00Z,0.96,0.2,7.2,1.98,-74,82.1,satelital,0
CHIRA_001,2026-01-21T09:00:00Z,0.9,0.4,8.5,2.0,-70,81.9,satelital,0
CHIRA_001,2026-01-21T10:00:00Z,0.87,0.4,1.9,2.23,-60,81.5,gsm,0
CHIRA_001,2026-01-21T11:00:00Z,0.79,0.7,7.1,1.86,-70,81.4,gsm,0
CHIRA_001,2026-01-21T12:00:00Z,0.68,1.8,11.1,1.53,-91,80.9,satelital,0
CHIRA_001,2026-01-21T13:00:00Z,0.65,2.7,1.1,1.63,-80,80.6,satelital,0
CHIRA_001,2026-01-21T14:00:00Z,0.6,0.3,0.0,1.55,-71,80.1,satelital,0
CHIRA_001,2026-01-21T15:00:00Z,0.53,1.4,10.4,1.02,-122,80.0,lorawan,0
CHIRA_001,2026-01-21T16:00:00Z,0.43,0.5,4.5,1.08,-65,79.9,satelital,0
CHIRA_001,2026-01-21T17:00:00Z,0.36,0.5,10.7,0.71,-61,79.7,satelital,0
CHIRA_001,2026-01-21T18:00:00Z,0.33,0.3,4.7,0.61,-65,79.6,lorawan,0
CHIRA_001,2026-01-21T19:00:00Z,0.26,1.9,11.7,0.63,-79,79.3,gsm,0
CHIRA_001,2026-01-21T20:00:00Z,0.25,1.1,4.6,0.54,-92,79.1,gsm,0
CHIRA_001,2026-01-21T21:00:00Z,0.35,0.3,4.1,0.8,-62,78.8,gsm,0
CHIRA_001,2026-01-21T22:00:00Z,0.28,2.8,6.9,0.59,-62,78.3,gsm,0
CHIRA_001,2026-01-21T23:00:00Z,0.34,0.4,11.4,0.66,-93,78.2,gsm,0
TUMBES_001,2026-01-20T00:00:00Z,1.66,0.8,10.9,3.5,-78,88.6,lorawan,0
TUMBES_001,2026-01-20T01:00:00Z,1.64,1.9,6.3,3.15,-89,88.2,gsm,0
TUMBES_001,2026-01-20T02:00:00Z,1.6,2.4,10.4,3.22,-122,87.9,satelital,0
TUMBES_001,2026-01-20T03:00:00Z,1.58,1.8,8.3,3.26,-78,87.7,lorawan,0
TUMBES_001,2026-01-20T04:00:00Z,1.49,2.4,3.7,3.5,-76,87.2,satelital,0
TUMBES_001,2026-01-20T05:00:00Z,1.34,1.0,8.7,2.89,-64,86.7,satelital,0
TUMBES_001,2026-01-20T06:00:00Z,1.34,1.5,1.9,2.56,-94,86.3,lorawan,0
TUMBES_001,2026-01-20T07:00:00Z,1.26,0.7,5.5,2.54,-88,85.8,lorawan,0
TUMBES_001,2026-01-20T08:00:00Z,1.16,1.8,2.1,2.41,-90,85.7,satelital,0
TUMBES_001,2026-01-20T09:00:00Z,-1.5,2.6,9.4,2.16,-106,85.5,gsm,1
TUMBES_001,2026-01-20T10:00:00Z,1.07,1.9,7.2,2.62,-78,85.3,satelital,0
TUMBES_001,2026-01-20T11:00:00Z,1.05,1.4,2.6,2.41,-72,54.9,gsm,0
TUMBES_001,2026-01-20T12:00:00Z,1.07,0.9,1.3,2.47,-76,54.5,gsm,0
TUMBES_001,2026-01-20T13:00:00Z,0.95,2.7,9.7,2.21,-64,54.1,satelital,0
TUMBES_001,2026-01-20T14:00:00Z,0.92,1.2,8.8,2.26,-61,53.9,satelital,0
TUMBES_001,2026-01-20T15:00:00Z,0.82,2.0,6.1,2.05,-87,53.7,gsm,0
TUMBES_001,2026-01-20T16:00:00Z,0.7,2.3,2.2,1.31,-76,53.5,satelital,0
TUMBES_001,2026-01-20T17:00:00Z,0.64,1.8,5.6,1.48,-65,53.1,gsm,0
TUMBES_001,2026-01-20T18:00:00Z,0.67,2.0,6.4,1.29,-66,52.7,gsm,0
TUMBES_001,2026-01-20T19:00:00Z,0.51,0.2,4.0,0.94,-85,52.4,lorawan,0
TUMBES_001,2026-01-20T20:00:00Z,0.48,2.3,1.1,1.02,-93,51.9,gsm,0
TUMBES_001,2026-01-20T21:00:00Z,0.35,0.0,3.9,0.82,-73,51.5,lorawan,0
TUMBES_001,2026-01-20T22:00:00Z,0.28,1.8,2.0,0.57,-74,51.1,gsm,0
TUMBES_001,2026-01-20T23:00:00Z,0.27,1.0,10.8,0.69,-81,50.7,lorawan,0
TUMBES_001,2026-01-21T00:00:00Z,0.32,0.1,6.1,0.78,-61,50.4,gsm,0
TUMBES_001,2026-01-21T01:00:00Z,0.32,2.0,7.8,0.68,-65,50.2,lorawan,0
TUMBES_001,2026-01-21T02:00:00Z,0.32,1.9,3.6,0.65,-89,49.8,gsm,0
TUMBES_001,2026-01-21T03:00:00Z,0.27,0.3,1.3,0.54,-69,49.5,lorawan,0
TUMBES_001,2026-01-21T04:00:00Z,0.27,2.7,8.3,0.49,-64,49.4,lorawan,0
TUMBES_001,2026-01-21T05:00:00Z,0.31,0.2,8.7,0.67,-92,48.9,lorawan,0
TUMBES_001,2026-01-21T06:00:00Z,0.29,2.6,4.3,0.55,-95,48.5,gsm,0
TUMBES_001,2026-01-21T07:00:00Z,0.28,1.0,10.7,0.67,-88,48.2,satelital,0
TUMBES_001,2026-01-21T08:00:00Z,0.31,1.2,10.2,0.76,-92,48.1,lorawan,0
TUMBES_001,2026-01-21T09:00:00Z,0.29,2.7,5.8,0.66,-87,47.6,satelital,0
TUMBES_001,2026-01-21T10:00:00Z,0.28,1.2,0.6,0.66,-81,47.3,gsm,0
TUMBES_001,2026-01-21T11:00:00Z,0.29,1.6,8.3,0.69,-71,47.0,gsm,0
TUMBES_001,2026-01-21T12:00:00Z,0.73,11.5,69.6,1.59,-64,46.7,satelital,1
TUMBES_001,2026-01-21T13:00:00Z,1.06,6.5,44.5,2.11,-67,46.4,satelital,0
TUMBES_001,2026-01-21T14:00:00Z,1.38,7.1,56.5,2.94,-76,34.3,gsm,0
TUMBES_001,2026-01-21T15:00:00Z,1.63,12.0,118.0,3.22,-65,34.0,satelital,1
TUMBES_001,2026-01-21T16:00:00Z,1.88,7.0,63.5,4.63,-62,33.5,lorawan,0
TUMBES_001,2026-01-21T17:00:00Z,2.28,7.5,49.1,4.3,-70,33.1,lorawan,0
TUMBES_001,2026-01-21T18:00:00Z,25.0,7.0,53.4,6.18,-63,32.7,satelital,1
TUMBES_001,2026-01-21T19:00:00Z,3.09,6.4,62.7,6.82,-84,32.3,lorawan,1
TUMBES_001,2026-01-21T20:00:00Z,3.08,2.0,7.3,6.58,-80,31.9,satelital,1
TUMBES_001,2026-01-21T21:00:00Z,3.01,1.4,1.6,7.22,-75,31.7,gsm,1
TUMBES_001,2026-01-21T22:00:00Z,2.93,0.6,7.5,6.85,-84,31.2,gsm,1
TUMBES_001,2026-01-21T23:00:00Z,2.89,2.1,9.1,7.38,-61,30.8,satelital,1
PIURA_001,2026-01-20T00:00:00Z,1.21,2.0,2.4,2.46,-77,70.6,gsm,0
PIURA_001,2026-01-20T01:00:00Z,1.18,2.4,1.2,2.94,-80,70.2,gsm,0
PIURA_001,2026-01-20T02:00:00Z,1.15,2.0,11.1,2.97,-95,69.9,lorawan,0
PIURA_001,2026-01-20T03:00:00Z,1.06,2.3,10.4,2.51,-61,69.6,lorawan,0
PIURA_001,2026-01-20T04:00:00Z,1.0,2.9,3.5,1.95,-71,69.4,satelital,0
PIURA_001,2026-01-20T05:00:00Z,0.92,0.4,7.0,2.18,-75,69.2,gsm,0
PIURA_001,2026-01-20T06:00:00Z,0.86,2.0,5.9,2.09,-84,69.0,gsm,0
PIURA_001,2026-01-20T07:00:00Z,0.87,1.6,4.8,2.03,-62,68.8,gsm,0
PIURA_001,2026-01-20T08:00:00Z,0.75,2.9,0.1,1.89,-93,68.4,satelital,0
PIURA_001,2026-01-20T09:00:00Z,0.74,2.4,1.4,1.35,-63,68.1,satelital,0
PIURA_001,2026-01-20T10:00:00Z,0.63,0.9,7.8,1.18,-128,67.6,lorawan,0
PIURA_001,2026-01-20T11:00:00Z,0.57,2.3,10.4,1.27,-68,67.3,lorawan,0
PIURA_001,2026-01-20T12:00:00Z,0.53,0.5,5.5,0.98,-81,66.8,satelital,0
PIURA_001,2026-01-20T13:00:00Z,0.56,1.9,5.2,1.25,-93,66.5,lorawan,0
PIURA_001,2026-01-20T14:00:00Z,0.91,10.5,75.4,1.84,-94,66.0,gsm,1
PIURA_001,2026-01-20T15:00:00Z,1.29,12.7,116.9,2.98,-72,65.8,lorawan,1
PIURA_001,2026-01-20T16:00:00Z,1.47,11.0,71.4,3.28,-73,65.3,gsm,1
PIURA_001,2026-01-20T17:00:00Z,1.77,7.3,49.1,3.35,-92,65.0,gsm,0
PIURA_001,2026-01-20T18:00:00Z,1.73,1.6,3.5,4.12,-87,64.7,lorawan,0
PIURA_001,2026-01-20T19:00:00Z,1.72,1.9,10.8,3.94,-72,64.4,satelital,0
PIURA_001,2026-01-20T20:00:00Z,1.66,0.9,9.4,3.36,-74,64.2,satelital,0
PIURA_001,2026-01-20T21:00:00Z,1.63,2.3,5.8,3.04,-61,64.0,gsm,0
PIURA_001,2026-01-20T22:00:00Z,1.6,0.2,0.9,2.92,-82,63.6,gsm,0
PIURA_001,2026-01-20T23:00:00Z,1.49,2.7,6.5,3.15,-77,63.2,gsm,0
PIURA_001,2026-01-21T00:00:00Z,1.48,1.2,6.0,3.62,-63,62.8,lorawan,0
PIURA_001,2026-01-21T01:00:00Z,1.38,2.8,7.9,3.02,-64,62.6,satelital,0
PIURA_001,2026-01-21T02:00:00Z,1.25,0.1,2.5,2.72,-75,62.3,gsm,0
PIURA_001,2026-01-21T03:00:00Z,1.2,0.8,8.9,2.52,-91,62.1,satelital,0
PIURA_001,2026-01-21T04:00:00Z,1.09,0.7,4.9,2.65,-67,34.0,lorawan,0
PIURA_001,2026-01-21T05:00:00Z,1.09,0.8,1.8,2.67,-74,33.6,satelital,0
PIURA_001,2026-01-21T06:00:00Z,0.99,1.4,7.1,1.97,-87,33.5,lorawan,0
PIURA_001,2026-01-21T07:00:00Z,0.91,0.4,2.0,1.93,-77,33.0,lorawan,0
PIURA_001,2026-01-21T08:00:00Z,0.91,3.0,10.4,2.08,-84,32.6,gsm,0
PIURA_001,2026-01-21T09:00:00Z,0.83,2.2,4.1,1.65,-83,32.3,gsm,0
PIURA_001,2026-01-21T10:00:00Z,0.83,2.5,7.3,1.89,-88,31.8,gsm,0
PIURA_001,2026-01-21T11:00:00Z,0.72,1.8,9.9,1.67,-93,31.5,satelital,0
PIURA_001,2026-01-21T12:00:00Z,0.65,2.4,9.5,1.56,-89,31.1,satelital,0
PIURA_001,2026-01-21T13:00:00Z,0.64,0.7,10.3,1.36,-95,31.0,lorawan,0
PIURA_001,2026-01-21T14:00:00Z,0.51,1.1,2.5,0.96,-79,30.7,satelital,0
PIURA_001,2026-01-21T15:00:00Z,0.44,1.8,11.9,0.99,-60,30.4,satelital,0
PIURA_001,2026-01-21T16:00:00Z,0.38,1.7,9.3,0.95,-85,30.2,gsm,0
PIURA_001,2026-01-21T17:00:00Z,0.36,1.0,6.6,0.69,-86,17.9,gsm,0
PIURA_001,2026-01-21T18:00:00Z,0.26,0.2,2.7,0.55,-62,17.4,gsm,0
PIURA_001,2026-01-21T19:00:00Z,0.25,2.3,2.1,0.62,-111,16.9,gsm,0
PIURA_001,2026-01-21T20:00:00Z,0.27,0.7,2.0,0.49,-70,16.8,satelital,0
PIURA_001,2026-01-21T21:00:00Z,0.34,0.6,0.2,0.76,-73,16.4,satelital,0
PIURA_001,2026-01-21T22:00:00Z,0.25,2.9,5.5,0.49,-63,16.1,lorawan,0
PIURA_001,2026-01-21T23:00:00Z,0.31,2.9,10.5,0.73,-80,15.6,satelital,0
MARANON_001,2026-01-20T00:00:00Z,1.59,0.8,4.6,3.75,-73,95.4,lorawan,0
MARANON_001,2026-01-20T01:00:00Z,1.59,0.8,3.4,3.3,-75,95.1,gsm,0
MARANON_001,2026-01-20T02:00:00Z,1.47,2.8,8.2,2.88,-82,94.7,lorawan,0
MARANON_001,2026-01-20T03:00:00Z,1.4,1.1,9.3,3.59,-93,67.3,satelital,0
MARANON_001,2026-01-20T04:00:00Z,1.38,1.5,11.8,3.03,-78,66.8,gsm,0
MARANON_001,2026-01-20T05:00:00Z,1.21,1.6,5.1,2.51,-66,66.3,gsm,0
MARANON_001,2026-01-20T06:00:00Z,1.17,0.9,0.1,2.2,-84,66.1,lorawan,0
MARANON_001,2026-01-20T07:00:00Z,1.14,2.9,4.1,2.43,-70,65.7,lorawan,0
MARANON_001,2026-01-20T08:00:00Z,1.08,2.9,8.2,2.64,-83,65.4,gsm,0
MARANON_001,2026-01-20T09:00:00Z,1.05,2.4,2.1,2.6,-64,65.1,gsm,0
MARANON_001,2026-01-20T10:00:00Z,0.94,0.1,1.2,1.88,-74,64.6,satelital,0
MARANON_001,2026-01-20T11:00:00Z,0.91,2.8,3.1,2.27,-61,64.2,satelital,0
MARANON_001,2026-01-20T12:00:00Z,0.9,2.0,5.8,1.89,-86,63.9,gsm,0
MARANON_001,2026-01-20T13:00:00Z,0.83,1.0,7.6,1.54,-75,63.8,gsm,0
MARANON_001,2026-01-20T14:00:00Z,0.78,1.9,3.3,1.63,-69,63.4,lorawan,0
MARANON_001,2026-01-20T15:00:00Z,0.69,0.7,3.0,1.36,-65,63.2,lorawan,0
MARANON_001,2026-01-20T16:00:00Z,0.65,1.6,12.0,1.21,-81,62.7,satelital,0
MARANON_001,2026-01-20T17:00:00Z,0.56,0.4,6.3,1.17,-66,62.2,gsm,0
MARANON_001,2026-01-20T18:00:00Z,0.51,1.6,1.6,1.16,-68,62.0,gsm,0
MARANON_001,2026-01-20T19:00:00Z,0.43,2.7,5.8,0.88,-104,61.7,lorawan,0
MARANON_001,2026-01-20T20:00:00Z,0.42,1.4,0.1,0.92,-77,61.6,lorawan,0
MARANON_001,2026-01-20T21:00:00Z,0.29,0.6,10.6,0.69,-81,61.2,satelital,0
MARANON_001,2026-01-20T22:00:00Z,0.32,1.5,9.6,0.65,-78,60.9,lorawan,0
MARANON_001,2026-01-20T23:00:00Z,0.28,0.9,7.6,0.64,-127,49.7,satelital,0
MARANON_001,2026-01-21T00:00:00Z,0.27,2.1,8.7,0.59,-64,49.5,satelital,0
MARANON_001,2026-01-21T01:00:00Z,0.64,6.3,39.7,1.29,-84,49.2,satelital,0
MARANON_001,2026-01-21T02:00:00Z,1.03,13.5,87.3,2.49,-93,48.9,gsm,1
MARANON_001,2026-01-21T03:00:00Z,1.37,10.7,106.1,2.81,-93,48.7,gsm,1
MARANON_001,2026-01-21T04:00:00Z,1.6,8.3,70.8,3.99,-68,48.5,lorawan,0
MARANON_001,2026-01-21T05:00:00Z,1.56,1.8,4.7,3.53,-86,48.1,lorawan,0
MARANON_001,2026-01-21T06:00:00Z,1.52,1.5,8.2,3.66,-86,48.0,lorawan,0
MARANON_001,2026-01-21T07:00:00Z,1.41,0.7,11.8,3.45,-71,47.7,lorawan,0
MARANON_001,2026-01-21T08:00:00Z,1.33,0.1,8.5,2.92,-75,47.4,satelital,0
MARANON_001,2026-01-21T09:00:00Z,1.29,1.8,10.3,2.79,-110,47.0,gsm,0
MARANON_001,2026-01-21T10:00:00Z,1.23,0.6,0.2,2.45,-61,46.6,lorawan,0
MARANON_001,2026-01-21T11:00:00Z,1.11,1.5,6.6,2.57,-91,46.5,lorawan,0
MARANON_001,2026-01-21T12:00:00Z,1.05,0.1,1.3,2.43,-79,46.2,lorawan,0
MARANON_001,2026-01-21T13:00:00Z,1.06,0.2,11.2,2.66,-92,46.1,gsm,0
MARANON_001,2026-01-21T14:00:00Z,1.02,1.2,4.4,2.05,-76,46.0,lorawan,0
MARANON_001,2026-01-21T15:00:00Z,0.89,0.3,8.7,1.98,-84,45.8,gsm,0
MARANON_001,2026-01-21T16:00:00Z,0.87,0.3,7.7,2.03,-84,45.3,gsm,0
MARANON_001,2026-01-21T17:00:00Z,0.8,0.5,12.0,1.64,-72,44.8,gsm,0
MARANON_001,2026-01-21T18:00:00Z,-1.5,2.2,7.3,1.74,-67,44.3,satelital,1
MARANON_001,2026-01-21T19:00:00Z,0.74,2.9,7.1,1.51,-104,44.1,gsm,0
MARANON_001,2026-01-21T20:00:00Z,0.63,2.8,6.1,1.18,-79,43.8,gsm,0
MARANON_001,2026-01-21T21:00:00Z,0.57,0.8,3.6,1.13,-65,43.7,gsm,0
MARANON_001,2026-01-21T22:00:00Z,0.44,2.5,1.1,1.08,-74,43.4,satelital,0
MARANON_001,2026-01-21T23:00:00Z,0.47,2.6,10.4,1.07,-71,43.3,gsm,0
UCAYALI_001,2026-01-20T00:00:00Z,1.25,0.7,0.6,2.7,-81,74.1,satelital,0
UCAYALI_001,2026-01-20T01:00:00Z,1.19,1.0,5.7,2.39,-87,73.9,satelital,0
UCAYALI_001,2026-01-20T02:00:00Z,1.16,1.5,7.8,2.77,-68,73.7,gsm,0
UCAYALI_001,2026-01-20T03:00:00Z,1.08,2.0,5.1,2.46,-73,73.6,satelital,0
UCAYALI_001,2026-01-20T04:00:00Z,1.08,1.3,11.1,2.08,-92,73.2,gsm,0
UCAYALI_001,2026-01-20T05:00:00Z,1.06,2.6,9.8,2.0,-61,58.7,gsm,0
UCAYALI_001,2026-01-20T06:00:00Z,0.92,0.8,5.8,2.17,-62,58.6,lorawan,0
UCAYALI_001,2026-01-20T07:00:00Z,0.91,0.6,8.4,2.33,-72,58.5,lorawan,0
UCAYALI_001,2026-01-20T08:00:00Z,0.82,2.7,4.6,1.94,-61,58.0,lorawan,0
UCAYALI_001,2026-01-20T09:00:00Z,0.77,1.4,11.1,1.71,-109,57.8,satelital,0
UCAYALI_001,2026-01-20T10:00:00Z,0.68,0.9,12.0,1.26,-94,57.6,satelital,0
UCAYALI_001,2026-01-20T11:00:00Z,0.69,1.0,4.7,1.53,-81,57.2,gsm,0
UCAYALI_001,2026-01-20T12:00:00Z,0.63,2.9,10.9,1.24,-83,57.1,satelital,0
UCAYALI_001,2026-01-20T13:00:00Z,0.61,2.7,10.9,1.47,-85,56.7,gsm,0
UCAYALI_001,2026-01-20T14:00:00Z,0.45,2.2,2.2,0.82,-69,56.5,gsm,0
UCAYALI_001,2026-01-20T15:00:00Z,0.47,2.7,11.2,0.89,-78,56.3,gsm,0
UCAYALI_001,2026-01-20T16:00:00Z,0.41,0.7,8.2,0.89,-72,56.0,satelital,0
UCAYALI_001,2026-01-20T17:00:00Z,0.39,0.4,2.3,0.71,-83,55.8,lorawan,0
UCAYALI_001,2026-01-20T18:00:00Z,0.32,2.9,5.3,0.8,-93,55.3,satelital,0
UCAYALI_001,2026-01-20T19:00:00Z,0.3,1.2,11.3,0.69,-89,55.0,lorawan,0
UCAYALI_001,2026-01-20T20:00:00Z,0.25,0.7,6.5,0.53,-83,54.6,satelital,0
UCAYALI_001,2026-01-20T21:00:00Z,0.28,2.3,3.4,0.71,-66,54.2,satelital,0
UCAYALI_001,2026-01-20T22:00:00Z,0.34,1.5,2.2,0.76,-94,53.9,gsm,0
UCAYALI_001,2026-01-20T23:00:00Z,0.28,2.7,10.6,0.65,-88,53.5,gsm,0
UCAYALI_001,2026-01-21T00:00:00Z,0.33,1.1,6.3,0.73,-71,53.1,lorawan,0
UCAYALI_001,2026-01-21T01:00:00Z,0.34,1.7,7.9,0.66,-76,52.7,satelital,0
UCAYALI_001,2026-01-21T02:00:00Z,0.69,7.6,73.2,1.66,-64,52.6,lorawan,0
UCAYALI_001,2026-01-21T03:00:00Z,1.08,10.4,71.7,2.33,-78,24.6,gsm,1
UCAYALI_001,2026-01-21T04:00:00Z,1.24,7.9,53.0,2.38,-76,24.5,lorawan,0
UCAYALI_001,2026-01-21T05:00:00Z,1.62,9.8,65.5,3.81,-84,24.1,gsm,0
UCAYALI_001,2026-01-21T06:00:00Z,1.83,14.4,91.7,3.85,-60,24.0,satelital,1
UCAYALI_001,2026-01-21T07:00:00Z,2.15,12.3,87.0,5.07,-62,23.7,satelital,1
UCAYALI_001,2026-01-21T08:00:00Z,2.51,11.4,104.7,6.22,-73,23.5,gsm,1
UCAYALI_001,2026-01-21T09:00:00Z,2.78,10.7,91.1,6.36,-95,23.1,satelital,1
UCAYALI_001,2026-01-21T10:00:00Z,3.25,7.1,66.3,6.93,-124,22.8,gsm,1
UCAYALI_001,2026-01-21T11:00:00Z,3.12,2.4,3.7,5.63,-94,22.5,lorawan,1
UCAYALI_001,2026-01-21T12:00:00Z,3.08,1.0,8.1,7.13,-61,22.2,satelital,1
UCAYALI_001,2026-01-21T13:00:00Z,2.94,1.2,8.9,7.0,-82,21.9,satelital,1
UCAYALI_001,2026-01-21T14:00:00Z,2.84,2.7,4.2,5.18,-85,21.5,satelital,1
UCAYALI_001,2026-01-21T15:00:00Z,2.85,0.4,9.4,6.75,-80,21.2,satelital,1
UCAYALI_001,2026-01-21T16:00:00Z,2.76,0.9,1.3,6.98,-63,5,satelital,1
UCAYALI_001,2026-01-21T17:00:00Z,2.62,2.2,6.3,6.54,-87,5,lorawan,1
UCAYALI_001,2026-01-21T18:00:00Z,2.68,2.1,6.3,6.3,-66,5,lorawan,1
UCAYALI_001,2026-01-21T19:00:00Z,2.55,2.0,3.7,6.41,-78,5,satelital,1
UCAYALI_001,2026-01-21T20:00:00Z,2.58,0.8,1.9,5.8,-60,5,lorawan,1
UCAYALI_001,2026-01-21T21:00:00Z,2.49,2.4,6.9,6.26,-94,5,gsm,0
UCAYALI_001,2026-01-21T22:00:00Z,2.47,1.2,1.0,6.21,-67,5,satelital,0
UCAYALI_001,2026-01-21T23:00:00Z,2.33,0.6,9.1,5.91,-90,5,gsm,0
RIMAC_002,2026-01-20T00:00:00Z,1.25,1.4,2.8,2.87,-74,90.1,satelital,0
RIMAC_002,2026-01-20T01:00:00Z,1.17,0.1,5.7,2.27,-87,89.7,satelital,0
RIMAC_002,2026-01-20T02:00:00Z,1.13,2.4,3.9,2.52,-80,89.4,satelital,0
RIMAC_002,2026-01-20T03:00:00Z,1.06,1.0,9.8,2.28,-80,89.0,gsm,0
RIMAC_002,2026-01-20T04:00:00Z,0.98,2.8,6.9,2.13,-84,88.7,satelital,0
RIMAC_002,2026-01-20T05:00:00Z,0.88,0.3,9.8,1.93,-87,88.3,gsm,0
RIMAC_002,2026-01-20T06:00:00Z,0.81,2.3,7.9,1.86,-75,88.0,gsm,0
RIMAC_002,2026-01-20T07:00:00Z,0.72,2.8,5.2,1.35,-70,87.9,satelital,0
RIMAC_002,2026-01-20T08:00:00Z,0.72,2.7,11.6,1.86,-94,87.8,gsm,0
RIMAC_002,2026-01-20T09:00:00Z,0.66,1.9,8.5,1.3,-60,87.6,satelital,0
RIMAC_002,2026-01-20T10:00:00Z,0.55,0.5,12.0,1.02,-64,87.5,lorawan,0
RIMAC_002,2026-01-20T11:00:00Z,0.56,1.9,5.0,1.28,-63,87.2,satelital,0
RIMAC_002,2026-01-20T12:00:00Z,0.51,0.7,5.1,1.22,-61,86.8,lorawan,0
RIMAC_002,2026-01-20T13:00:00Z,0.48,1.7,8.5,1.13,-78,86.7,lorawan,0
RIMAC_002,2026-01-20T14:00:00Z,0.43,1.8,2.9,1.0,-76,86.3,satelital,0
RIMAC_002,2026-01-20T15:00:00Z,0.33,0.0,5.4,0.68,-77,86.1,lorawan,0
RIMAC_002,2026-01-20T16:00:00Z,0.28,1.8,3.6,0.64,-77,85.7,gsm,0
RIMAC_002,2026-01-20T17:00:00Z,0.33,1.5,1.5,0.66,-127,85.4,gsm,0
RIMAC_002,2026-01-20T18:00:00Z,0.33,1.8,1.8,0.66,-62,85.0,satelital,0
RIMAC_002,2026-01-20T19:00:00Z,0.33,2.9,7.1,0.79,-67,84.7,lorawan,0
RIMAC_002,2026-01-20T20:00:00Z,0.33,2.2,4.1,0.62,-76,84.6,gsm,0
RIMAC_002,2026-01-20T21:00:00Z,0.3,2.1,4.7,0.64,-71,84.4,gsm,0
RIMAC_002,2026-01-20T22:00:00Z,0.35,0.1,11.0,0.75,-74,83.9,lorawan,0
RIMAC_002,2026-01-20T23:00:00Z,0.27,1.8,5.5,0.63,-84,83.5,lorawan,0
RIMAC_002,2026-01-21T00:00:00Z,0.26,2.5,0.1,0.56,-111,83.3,lorawan,0
RIMAC_002,2026-01-21T01:00:00Z,0.31,1.8,10.7,0.59,-87,82.8,gsm,0
RIMAC_002,2026-01-21T02:00:00Z,0.28,2.9,10.8,0.61,-78,82.3,gsm,0
RIMAC_002,2026-01-21T03:00:00Z,0.26,2.3,3.9,0.63,-92,82.1,satelital,0
RIMAC_002,2026-01-21T04:00:00Z,0.29,0.2,11.8,0.67,-68,81.9,gsm,0
RIMAC_002,2026-01-21T05:00:00Z,0.26,1.3,3.1,0.62,-95,61.6,gsm,0
RIMAC_002,2026-01-21T06:00:00Z,0.25,0.5,4.0,0.59,-70,61.2,lorawan,0
RIMAC_002,2026-01-21T07:00:00Z,0.3,0.0,11.4,0.68,-76,60.7,gsm,0
RIMAC_002,2026-01-21T08:00:00Z,0.69,11.8,88.2,1.71,-83,60.3,lorawan,1
RIMAC_002,2026-01-21T09:00:00Z,0.93,11.9,86.0,2.19,-67,60.0,lorawan,1
RIMAC_002,2026-01-21T10:00:00Z,1.18,6.2,62.2,2.87,-67,59.6,lorawan,0
RIMAC_002,2026-01-21T11:00:00Z,1.32,6.5,59.5,3.23,-61,59.3,gsm,0
RIMAC_002,2026-01-21T12:00:00Z,1.61,6.6,59.4,4.07,-110,58.9,lorawan,0
RIMAC_002,2026-01-21T13:00:00Z,2.02,13.4,85.5,3.74,-81,58.5,lorawan,1
RIMAC_002,2026-01-21T14:00:00Z,2.32,13.3,132.1,5.99,-82,58.2,gsm,1
RIMAC_002,2026-01-21T15:00:00Z,2.69,6.6,46.6,5.64,-93,58.0,gsm,1
RIMAC_002,2026-01-21T16:00:00Z,2.96,13.0,78.8,5.75,-77,57.9,satelital,1
RIMAC_002,2026-01-21T17:00:00Z,3.31,7.9,67.2,8.44,-84,57.5,gsm,1
RIMAC_002,2026-01-21T18:00:00Z,3.22,1.9,9.4,6.4,-89,57.4,gsm,1
RIMAC_002,2026-01-21T19:00:00Z,3.19,1.4,7.5,6.03,-65,57.2,lorawan,1
RIMAC_002,2026-01-21T20:00:00Z,3.19,0.1,7.7,6.6,-93,56.8,lorawan,1
RIMAC_002,2026-01-21T21:00:00Z,3.1,0.5,9.4,7.8,-75,56.4,gsm,1
RIMAC_002,2026-01-21T22:00:00Z,3.05,1.0,9.3,7.29,-81,56.0,gsm,1
RIMAC_002,2026-01-21T23:00:00Z,2.99,2.7,1.7,6.31,-73,55.8,lorawan,1
CHILLON_002,2026-01-20T00:00:00Z,0.8,0.3,5.6,1.58,-85,86.8,gsm,0
CHILLON_002,2026-01-20T01:00:00Z,0.77,0.3,10.3,1.75,-68,86.4,lorawan,0
CHILLON_002,2026-01-20T02:00:00Z,0.67,1.3,2.7,1.7,-93,85.9,satelital,0
CHILLON_002,2026-01-20T03:00:00Z,0.6,1.5,5.1,1.41,-90,85.8,lorawan,0
CHILLON_002,2026-01-20T04:00:00Z,0.5,1.2,2.6,1.3,-85,85.7,gsm,0
CHILLON_002,2026-01-20T05:00:00Z,0.48,0.1,5.5,1.02,-66,85.3,lorawan,0
CHILLON_002,2026-01-20T06:00:00Z,0.35,0.2,10.7,0.75,-61,85.1,lorawan,0
CHILLON_002,2026-01-20T07:00:00Z,0.27,0.2,10.6,0.69,-88,84.7,satelital,0
CHILLON_002,2026-01-20T08:00:00Z,0.26,1.1,2.1,0.62,-80,84.5,gsm,0
CHILLON_002,2026-01-20T09:00:00Z,0.27,2.8,7.0,0.65,-78,84.3,satelital,0
CHILLON_002,2026-01-20T10:00:00Z,0.3,0.2,4.1,0.57,-61,84.0,satelital,0
CHILLON_002,2026-01-20T11:00:00Z,0.34,2.4,11.3,0.63,-90,83.5,lorawan,0
CHILLON_002,2026-01-20T12:00:00Z,0.32,2.9,1.3,0.7,-94,83.0,gsm,0
CHILLON_002,2026-01-20T13:00:00Z,0.31,0.4,4.2,0.63,-81,82.9,gsm,0
CHILLON_002,2026-01-20T14:00:00Z,0.28,1.2,4.1,0.64,-67,82.5,gsm,0
CHILLON_002,2026-01-20T15:00:00Z,0.3,2.4,2.1,0.77,-73,82.1,lorawan,0
CHILLON_002,2026-01-20T16:00:00Z,0.27,0.5,6.4,0.64,-85,81.7,lorawan,0
CHILLON_002,2026-01-20T17:00:00Z,0.27,1.7,5.3,0.64,-86,81.3,gsm,0
CHILLON_002,2026-01-20T18:00:00Z,0.5,10.8,70.1,1.21,-107,80.8,gsm,1
CHILLON_002,2026-01-20T19:00:00Z,0.73,9.0,79.2,1.87,-86,80.3,gsm,0
CHILLON_002,2026-01-20T20:00:00Z,1.16,10.0,87.4,2.22,-70,80.0,lorawan,0
CHILLON_002,2026-01-20T21:00:00Z,1.47,6.8,42.5,2.91,-94,79.5,satelital,0
CHILLON_002,2026-01-20T22:00:00Z,1.73,14.6,144.8,3.95,-72,79.2,gsm,1
CHILLON_002,2026-01-20T23:00:00Z,1.67,1.1,4.5,4.31,-67,78.8,satelital,0
CHILLON_002,2026-01-21T00:00:00Z,1.58,0.9,9.7,3.98,-90,78.6,satelital,0
CHILLON_002,2026-01-21T01:00:00Z,1.61,2.6,11.8,3.87,-78,78.5,gsm,0
CHILLON_002,2026-01-21T02:00:00Z,1.56,1.7,11.0,3.17,-76,78.2,satelital,0
CHILLON_002,2026-01-21T03:00:00Z,1.41,2.2,2.7,2.88,-88,77.8,satelital,0
CHILLON_002,2026-01-21T04:00:00Z,1.37,1.5,8.3,2.77,-72,77.3,gsm,0
CHILLON_002,2026-01-21T05:00:00Z,1.34,0.8,8.2,2.81,-92,61.8,satelital,0
CHILLON_002,2026-01-21T06:00:00Z,1.26,0.4,2.0,3.19,-62,61.5,lorawan,0
CHILLON_002,2026-01-21T07:00:00Z,1.26,2.3,2.2,2.82,-76,61.1,gsm,0
CHILLON_002,2026-01-21T08:00:00Z,1.1,0.3,7.0,2.44,-74,60.8,lorawan,0
CHILLON_002,2026-01-21T09:00:00Z,1.16,0.5,2.7,2.66,-61,60.4,gsm,0
CHILLON_002,2026-01-21T10:00:00Z,1.12,0.3,5.5,2.84,-72,60.1,satelital,0
CHILLON_002,2026-01-21T11:00:00Z,1.06,1.8,9.2,1.93,-86,59.7,satelital,0
CHILLON_002,2026-01-21T12:00:00Z,1.0,0.4,0.9,1.86,-93,59.3,lorawan,0
CHILLON_002,2026-01-21T13:00:00Z,0.91,1.5,0.7,1.69,-88,58.9,lorawan,0
CHILLON_002,2026-01-21T14:00:00Z,0.88,0.6,8.0,2.11,-73,58.7,gsm,0
CHILLON_002,2026-01-21T15:00:00Z,25.0,1.8,6.1,2.22,-77,58.4,gsm,1
CHILLON_002,2026-01-21T16:00:00Z,0.85,0.3,2.6,1.78,-89,58.0,satelital,0
CHILLON_002,2026-01-21T17:00:00Z,0.8,1.3,6.2,1.64,-64,57.7,gsm,0
CHILLON_002,2026-01-21T18:00:00Z,0.71,2.2,1.0,1.54,-67,57.4,satelital,0
CHILLON_002,2026-01-21T19:00:00Z,0.73,2.6,2.3,1.59,-64,57.0,satelital,0
CHILLON_002,2026-01-21T20:00:00Z,0.65,2.0,1.0,1.48,-85,56.8,lorawan,0
CHILLON_002,2026-01-21T21:00:00Z,0.67,1.8,11.9,1.59,-78,56.6,gsm,0
CHILLON_002,2026-01-21T22:00:00Z,0.58,1.1,8.0,1.28,-88,56.5,satelital,0
CHILLON_002,2026-01-21T23:00:00Z,0.49,2.8,0.4,1.08,-75,56.4,gsm,0
LURIN_002,2026-01-20T00:00:00Z,1.52,1.5,5.6,3.35,-61,89.5,lorawan,0
LURIN_002,2026-01-20T01:00:00Z,1.5,2.6,1.4,3.23,-76,89.4,lorawan,0
LURIN_002,2026-01-20T02:00:00Z,1.36,0.4,8.6,3.18,-65,89.0,lorawan,0
LURIN_002,2026-01-20T03:00:00Z,1.32,1.2,5.9,2.75,-94,88.5,lorawan,0
LURIN_002,2026-01-20T04:00:00Z,1.32,1.0,8.9,2.74,-73,88.4,lorawan,0
LURIN_002,2026-01-20T05:00:00Z,1.26,0.7,7.8,2.33,-94,88.2,lorawan,0
LURIN_002,2026-01-20T06:00:00Z,1.1,2.6,6.8,2.59,-71,87.8,satelital,0
LURIN_002,2026-01-20T07:00:00Z,1.03,2.4,1.2,2.27,-76,87.4,satelital,0
LURIN_002,2026-01-20T08:00:00Z,1.06,1.9,11.7,2.09,-70,87.2,gsm,0
LURIN_002,2026-01-20T09:00:00Z,0.98,0.3,10.1,1.82,-82,86.8,lorawan,0
LURIN_002,2026-01-20T10:00:00Z,0.94,0.9,9.6,1.84,-66,86.6,gsm,0
LURIN_002,2026-01-20T11:00:00Z,0.86,0.1,8.4,1.69,-66,86.1,gsm,0
LURIN_002,2026-01-20T12:00:00Z,0.8,1.8,9.2,1.84,-86,85.8,gsm,0
LURIN_002,2026-01-20T13:00:00Z,0.78,0.9,5.2,1.44,-77,85.6,satelital,0
LURIN_002,2026-01-20T14:00:00Z,0.67,0.7,2.9,1.63,-68,85.4,lorawan,0
LURIN_002,2026-01-20T15:00:00Z,0.61,0.8,0.3,1.37,-64,85.0,lorawan,0
LURIN_002,2026-01-20T16:00:00Z,0.59,0.3,7.2,1.25,-90,84.8,gsm,0
LURIN_002,2026-01-20T17:00:00Z,0.45,0.7,6.9,1.05,-62,84.4,lorawan,0
LURIN_002,2026-01-20T18:00:00Z,0.45,0.4,9.7,0.95,-68,84.0,lorawan,0
LURIN_002,2026-01-20T19:00:00Z,0.41,2.9,5.3,0.9,-75,83.8,satelital,0
LURIN_002,2026-01-20T20:00:00Z,0.29,2.9,10.6,0.69,-93,54.0,gsm,0
LURIN_002,2026-01-20T21:00:00Z,0.28,0.2,11.0,0.59,-88,53.7,lorawan,0
LURIN_002,2026-01-20T22:00:00Z,0.35,1.2,10.9,0.7,-80,53.5,lorawan,0
LURIN_002,2026-01-20T23:00:00Z,0.29,1.9,10.6,0.53,-64,53.1,satelital,0
LURIN_002,2026-01-21T00:00:00Z,0.26,1.0,5.1,0.5,-69,52.9,gsm,0
LURIN_002,2026-01-21T01:00:00Z,0.31,1.4,0.3,0.71,-70,52.4,satelital,0
LURIN_002,2026-01-21T02:00:00Z,0.65,6.7,44.7,1.6,-69,52.0,satelital,0
LURIN_002,2026-01-21T03:00:00Z,0.82,13.9,90.6,1.69,-72,51.8,satelital,1
LURIN_002,2026-01-21T04:00:00Z,1.28,14.0,96.3,2.97,-66,51.5,gsm,1
LURIN_002,2026-01-21T05:00:00Z,1.54,6.4,54.6,3.95,-95,51.3,satelital,0
LURIN_002,2026-01-21T06:00:00Z,1.84,14.4,133.6,3.61,-78,50.8,satelital,1
LURIN_002,2026-01-21T07:00:00Z,2.12,9.9,67.5,5.05,-122,50.7,lorawan,0
LURIN_002,2026-01-21T08:00:00Z,2.44,14.2,105.9,4.41,-70,50.5,gsm,1
LURIN_002,2026-01-21T09:00:00Z,2.62,9.8,82.3,4.83,-73,50.0,gsm,1
LURIN_002,2026-01-21T10:00:00Z,2.75,11.4,102.4,6.31,-72,49.8,gsm,1
LURIN_002,2026-01-21T11:00:00Z,3.06,7.6,50.9,6.65,-68,49.7,lorawan,1
LURIN_002,2026-01-21T12:00:00Z,2.95,2.9,6.0,6.16,-79,49.4,satelital,1
LURIN_002,2026-01-21T13:00:00Z,2.9,1.3,2.0,7.42,-67,49.1,lorawan,1
LURIN_002,2026-01-21T14:00:00Z,2.86,0.5,5.6,5.41,-67,48.6,gsm,1
LURIN_002,2026-01-21T15:00:00Z,2.75,1.4,1.3,5.72,-85,48.4,satelital,1
LURIN_002,2026-01-21T16:00:00Z,2.64,2.0,2.5,6.37,-80,48.3,gsm,1
LURIN_002,2026-01-21T17:00:00Z,2.55,1.0,3.4,5.35,-75,47.8,lorawan,1
LURIN_002,2026-01-21T18:00:00Z,2.49,2.1,5.8,5.79,-67,47.6,gsm,0
LURIN_002,2026-01-21T19:00:00Z,2.52,2.7,9.6,6.15,-91,47.4,gsm,1
LURIN_002,2026-01-21T20:00:00Z,2.43,1.2,2.1,4.55,-70,46.9,gsm,0
LURIN_002,2026-01-21T21:00:00Z,2.35,0.9,9.6,5.93,-89,46.6,gsm,0
LURIN_002,2026-01-21T22:00:00Z,2.28,1.3,4.7,4.27,-84,46.3,satelital,0
LURIN_002,2026-01-21T23:00:00Z,2.21,1.5,11.7,5.24,-62,45.8,satelital,0
MANTARO_002,2026-01-20T00:00:00Z,1.66,2.1,3.6,3.74,-63,84.0,satelital,0
MANTARO_002,2026-01-20T01:00:00Z,1.57,1.4,8.6,3.56,-66,58.8,lorawan,0
MANTARO_002,2026-01-20T02:00:00Z,1.49,0.1,5.0,3.55,-79,58.4,lorawan,0
MANTARO_002,2026-01-20T03:00:00Z,1.48,0.2,11.8,3.18,-95,58.3,satelital,0
MANTARO_002,2026-01-20T04:00:00Z,1.41,1.2,7.9,2.88,-70,57.9,lorawan,0
MANTARO_002,2026-01-20T05:00:00Z,1.41,0.0,1.3,3.51,-80,57.7,gsm,0
MANTARO_002,2026-01-20T06:00:00Z,1.25,1.6,1.0,2.67,-67,57.5,satelital,0
MANTARO_002,2026-01-20T07:00:00Z,1.27,1.3,2.9,2.68,-68,57.3,satelital,0
MANTARO_002,2026-01-20T08:00:00Z,1.19,1.8,6.7,2.6,-64,57.0,lorawan,0
MANTARO_002,2026-01-20T09:00:00Z,1.21,1.3,3.8,2.58,-73,56.7,satelital,0
MANTARO_002,2026-01-20T10:00:00Z,1.1,0.9,2.3,2.17,-66,56.2,satelital,0
MANTARO_002,2026-01-20T11:00:00Z,1.04,1.2,5.0,2.17,-85,55.9,satelital,0
MANTARO_002,2026-01-20T12:00:00Z,0.96,0.3,5.8,2.11,-64,55.5,lorawan,0
MANTARO_002,2026-01-20T13:00:00Z,0.97,3.0,4.3,1.88,-91,55.1,lorawan,0
MANTARO_002,2026-01-20T14:00:00Z,1.16,7.1,48.9,2.42,-78,54.9,gsm,0
MANTARO_002,2026-01-20T15:00:00Z,1.39,11.4,73.4,3.39,-89,54.4,gsm,1
MANTARO_002,2026-01-20T16:00:00Z,1.47,14.5,135.0,3.39,-85,54.0,gsm,1
MANTARO_002,2026-01-20T17:00:00Z,1.7,10.6,94.2,3.52,-67,53.8,lorawan,1
MANTARO_002,2026-01-20T18:00:00Z,1.95,13.3,97.8,4.09,-80,53.4,gsm,1
MANTARO_002,2026-01-20T19:00:00Z,1.93,0.7,9.6,4.18,-72,53.0,satelital,0
MANTARO_002,2026-01-20T20:00:00Z,1.8,0.0,9.7,3.69,-92,52.5,lorawan,0
MANTARO_002,2026-01-20T21:00:00Z,1.83,1.9,10.8,4.34,-77,52.1,gsm,0
MANTARO_002,2026-01-20T22:00:00Z,1.76,2.6,8.7,4.33,-86,51.7,satelital,0
MANTARO_002,2026-01-20T23:00:00Z,1.7,2.7,7.5,3.53,-83,51.3,lorawan,0
MANTARO_002,2026-01-21T00:00:00Z,1.59,1.0,8.7,4.12,-60,51.0,satelital,0
MANTARO_002,2026-01-21T01:00:00Z,1.55,0.5,0.3,3.09,-63,50.6,lorawan,0
MANTARO_002,2026-01-21T02:00:00Z,1.53,0.8,6.1,3.91,-95,50.4,lorawan,0
MANTARO_002,2026-01-21T03:00:00Z,1.43,3.0,6.8,3.18,-77,50.0,gsm,0
MANTARO_002,2026-01-21T04:00:00Z,1.3,0.4,4.5,2.88,-66,49.8,gsm,0
MANTARO_002,2026-01-21T05:00:00Z,1.25,1.2,1.1,2.46,-70,49.7,gsm,0
MANTARO_002,2026-01-21T06:00:00Z,1.26,2.6,7.0,2.96,-69,49.2,lorawan,0
MANTARO_002,2026-01-21T07:00:00Z,1.12,1.5,5.5,2.49,-93,48.9,gsm,0
MANTARO_002,2026-01-21T08:00:00Z,1.03,2.9,7.2,2.33,-72,48.7,satelital,0
MANTARO_002,2026-01-21T09:00:00Z,1.04,1.5,9.5,1.91,-82,48.3,gsm,0
MANTARO_002,2026-01-21T10:00:00Z,0.93,0.4,4.2,2.1,-71,48.0,gsm,0
MANTARO_002,2026-01-21T11:00:00Z,0.9,0.4,1.7,2.1,-90,47.8,gsm,0
MANTARO_002,2026-01-21T12:00:00Z,0.78,1.2,10.8,1.82,-90,47.5,gsm,0
MANTARO_002,2026-01-21T13:00:00Z,0.79,1.9,9.3,1.83,-61,47.4,lorawan,0
MANTARO_002,2026-01-21T14:00:00Z,0.67,1.6,9.0,1.56,-78,47.1,lorawan,0
MANTARO_002,2026-01-21T15:00:00Z,0.7,2.5,7.0,1.44,-94,46.7,lorawan,0
MANTARO_002,2026-01-21T16:00:00Z,0.61,2.6,3.8,1.15,-79,46.6,lorawan,0
MANTARO_002,2026-01-21T17:00:00Z,0.57,1.2,2.0,1.04,-75,46.4,satelital,0
MANTARO_002,2026-01-21T18:00:00Z,0.53,2.8,10.8,1.21,-63,46.2,lorawan,0
MANTARO_002,2026-01-21T19:00:00Z,0.49,1.0,6.6,1.13,-89,24.7,gsm,0
MANTARO_002,2026-01-21T20:00:00Z,0.51,0.4,6.8,1.12,-61,24.3,lorawan,0
MANTARO_002,2026-01-21T21:00:00Z,0.37,1.3,10.9,0.8,-101,23.9,satelital,0
MANTARO_002,2026-01-21T22:00:00Z,0.36,0.8,8.2,0.71,-85,23.4,gsm,0
MANTARO_002,2026-01-21T23:00:00Z,0.32,0.3,8.4,0.83,-63,23.0,satelital,0
SANTA_002,2026-01-20T00:00:00Z,1.63,1.4,3.0,3.53,-95,64.9,lorawan,0
SANTA_002,2026-01-20T01:00:00Z,1.58,2.0,5.0,3.81,-91,64.6,gsm,0
SANTA_002,2026-01-20T02:00:00Z,1.52,0.4,11.7,3.21,-95,64.1,satelital,0
SANTA_002,2026-01-20T03:00:00Z,1.46,1.3,2.7,3.7,-76,63.9,lorawan,0
SANTA_002,2026-01-20T04:00:00Z,1.48,1.5,4.4,3.5,-70,63.7,satelital,0
SANTA_002,2026-01-20T05:00:00Z,1.37,1.5,6.6,3.21,-87,63.4,lorawan,0
SANTA_002,2026-01-20T06:00:00Z,1.33,1.7,2.7,2.6,-61,63.0,gsm,0
SANTA_002,2026-01-20T07:00:00Z,1.28,1.4,11.3,2.36,-69,62.5,gsm,0
SANTA_002,2026-01-20T08:00:00Z,1.23,1.5,6.2,2.26,-124,62.1,satelital,0
SANTA_002,2026-01-20T09:00:00Z,1.18,1.7,0.3,2.52,-85,61.9,lorawan,0
SANTA_002,2026-01-20T10:00:00Z,1.06,0.3,5.8,2.44,-89,61.7,satelital,0
SANTA_002,2026-01-20T11:00:00Z,0.97,2.5,6.2,2.21,-67,61.4,lorawan,0
SANTA_002,2026-01-20T12:00:00Z,0.94,2.8,4.5,2.28,-92,61.3,gsm,0
SANTA_002,2026-01-20T13:00:00Z,0.93,0.3,0.7,1.97,-95,60.9,satelital,0
SANTA_002,2026-01-20T14:00:00Z,0.89,2.6,7.4,2.16,-83,60.7,lorawan,0
SANTA_002,2026-01-20T15:00:00Z,0.82,0.2,9.5,1.89,-67,60.5,lorawan,0
SANTA_002,2026-01-20T16:00:00Z,0.8,0.2,3.7,1.92,-86,60.2,satelital,0
SANTA_002,2026-01-20T17:00:00Z,0.71,0.9,11.6,1.36,-60,60.0,satelital,0
SANTA_002,2026-01-20T18:00:00Z,0.62,2.9,7.7,1.21,-66,59.8,satelital,0
SANTA_002,2026-01-20T19:00:00Z,0.6,1.7,4.0,1.13,-64,59.3,lorawan,0
SANTA_002,2026-01-20T20:00:00Z,0.58,2.1,5.6,1.4,-71,58.9,lorawan,0
SANTA_002,2026-01-20T21:00:00Z,0.53,0.0,0.1,1.01,-72,58.6,lorawan,0
SANTA_002,2026-01-20T22:00:00Z,0.46,0.9,2.6,1.14,-84,58.4,lorawan,0
SANTA_002,2026-01-20T23:00:00Z,0.37,2.0,4.5,0.94,-72,58.2,gsm,0
SANTA_002,2026-01-21T00:00:00Z,0.27,3.0,10.6,0.52,-83,57.7,gsm,0
SANTA_002,2026-01-21T01:00:00Z,0.25,1.8,11.7,0.57,-86,57.5,lorawan,0
SANTA_002,2026-01-21T02:00:00Z,0.31,0.8,1.5,0.68,-91,57.1,satelital,0
SANTA_002,2026-01-21T03:00:00Z,0.3,1.9,6.1,0.62,-64,56.9,gsm,0
SANTA_002,2026-01-21T04:00:00Z,0.27,2.8,7.0,0.53,-76,56.5,satelital,0
SANTA_002,2026-01-21T05:00:00Z,0.26,2.8,4.5,0.49,-93,56.2,gsm,0
SANTA_002,2026-01-21T06:00:00Z,0.3,1.4,5.2,0.61,-79,56.1,satelital,0
SANTA_002,2026-01-21T07:00:00Z,0.26,0.9,6.0,0.53,-124,55.9,satelital,0
SANTA_002,2026-01-21T08:00:00Z,0.32,1.0,3.6,0.65,-61,55.5,lorawan,0
SANTA_002,2026-01-21T09:00:00Z,0.34,0.8,4.2,0.84,-86,32.0,lorawan,0
SANTA_002,2026-01-21T10:00:00Z,0.63,12.7,100.6,1.52,-90,31.6,lorawan,1
SANTA_002,2026-01-21T11:00:00Z,0.92,14.5,111.1,1.68,-76,31.5,lorawan,1
SANTA_002,2026-01-21T12:00:00Z,1.1,11.9,88.5,2.64,-76,31.1,lorawan,1
SANTA_002,2026-01-21T13:00:00Z,1.6,6.3,41.2,3.61,-70,30.6,lorawan,0
SANTA_002,2026-01-21T14:00:00Z,1.82,6.6,49.6,4.68,-85,30.3,gsm,0
SANTA_002,2026-01-21T15:00:00Z,1.97,13.4,113.1,4.98,-77,30.0,lorawan,1
SANTA_002,2026-01-21T16:00:00Z,2.29,9.3,56.3,4.84,-69,29.5,lorawan,0
SANTA_002,2026-01-21T17:00:00Z,2.64,14.1,96.5,6.48,-76,29.2,gsm,1
SANTA_002,2026-01-21T18:00:00Z,3.1,10.1,69.0,7.62,-74,28.8,satelital,1
SANTA_002,2026-01-21T19:00:00Z,3.1,1.7,8.8,6.71,-76,28.4,lorawan,1
SANTA_002,2026-01-21T20:00:00Z,3.0,0.5,7.4,6.98,-93,28.1,lorawan,1
SANTA_002,2026-01-21T21:00:00Z,2.93,1.9,3.5,6.97,-60,27.9,satelital,1
SANTA_002,2026-01-21T22:00:00Z,2.86,0.3,9.2,5.73,-91,27.6,gsm,1
SANTA_002,2026-01-21T23:00:00Z,2.77,1.1,9.0,5.01,-75,27.4,satelital,1
CHIRA_002,2026-01-20T00:00:00Z,0.82,2.9,1.7,1.59,-77,86.3,gsm,0
CHIRA_002,2026-01-20T01:00:00Z,0.67,0.2,9.2,1.4,-61,86.2,gsm,0
CHIRA_002,2026-01-20T02:00:00Z,0.65,1.9,6.3,1.22,-95,85.8,satelital,0
CHIRA_002,2026-01-20T03:00:00Z,0.56,2.8,4.5,1.2,-83,85.3,lorawan,0
CHIRA_002,2026-01-20T04:00:00Z,0.48,2.6,9.6,0.93,-75,85.0,gsm,0
CHIRA_002,2026-01-20T05:00:00Z,0.38,0.6,6.5,0.75,-70,84.8,lorawan,0
CHIRA_002,2026-01-20T06:00:00Z,0.34,1.4,0.8,0.71,-76,84.7,satelital,0
CHIRA_002,2026-01-20T07:00:00Z,0.34,0.3,6.4,0.66,-71,84.2,gsm,0
CHIRA_002,2026-01-20T08:00:00Z,0.35,0.5,9.1,0.82,-67,55.8,gsm,0
CHIRA_002,2026-01-20T09:00:00Z,0.25,1.5,8.5,0.6,-68,55.6,gsm,0
CHIRA_002,2026-01-20T10:00:00Z,0.29,0.4,6.0,0.67,-67,55.5,satelital,0
CHIRA_002,2026-01-20T11:00:00Z,0.33,1.0,9.4,0.7,-81,55.0,satelital,0
CHIRA_002,2026-01-20T12:00:00Z,0.35,0.6,0.6,0.85,-71,54.7,lorawan,0
CHIRA_002,2026-01-20T13:00:00Z,0.27,0.0,10.4,0.62,-90,54.5,gsm,0
CHIRA_002,2026-01-20T14:00:00Z,0.32,2.8,2.8,0.66,-84,54.1,satelital,0
CHIRA_002,2026-01-20T15:00:00Z,0.33,1.3,7.6,0.62,-85,53.6,satelital,0
CHIRA_002,2026-01-20T16:00:00Z,0.33,2.2,9.1,0.6,-76,53.4,lorawan,0
CHIRA_002,2026-01-20T17:00:00Z,25.0,7.6,57.0,1.17,-65,53.1,lorawan,1
CHIRA_002,2026-01-20T18:00:00Z,0.8,12.6,94.3,1.69,-76,52.7,gsm,1
CHIRA_002,2026-01-20T19:00:00Z,1.04,14.0,139.2,2.01,-73,52.3,satelital,1
CHIRA_002,2026-01-20T20:00:00Z,1.26,9.3,58.0,2.52,-72,52.0,gsm,0
CHIRA_002,2026-01-20T21:00:00Z,1.64,12.0,79.0,3.15,-106,51.8,lorawan,1
CHIRA_002,2026-01-20T22:00:00Z,1.96,14.3,108.2,4.34,-68,51.6,satelital,1
CHIRA_002,2026-01-20T23:00:00Z,2.27,10.8,103.1,5.45,-89,51.1,satelital,1
CHIRA_002,2026-01-21T00:00:00Z,2.64,8.4,57.6,4.77,-89,51.0,gsm,1
CHIRA_002,2026-01-21T01:00:00Z,2.87,9.8,69.8,5.59,-63,50.8,satelital,1
CHIRA_002,2026-01-21T02:00:00Z,2.85,0.6,2.4,5.57,-67,50.3,gsm,1
CHIRA_002,2026-01-21T03:00:00Z,12.3,1.9,1.0,5.11,-64,50.2,lorawan,1
CHIRA_002,2026-01-21T04:00:00Z,2.78,2.3,0.1,5.22,-78,27.8,satelital,1
CHIRA_002,2026-01-21T05:00:00Z,2.64,1.8,4.0,5.42,-70,27.6,lorawan,1
CHIRA_002,2026-01-21T06:00:00Z,2.67,2.6,9.7,5.66,-94,27.2,gsm,1
CHIRA_002,2026-01-21T07:00:00Z,2.6,2.1,9.8,6.05,-110,26.9,satelital,1
CHIRA_002,2026-01-21T08:00:00Z,2.48,1.1,0.5,5.35,-90,26.6,satelital,0
CHIRA_002,2026-01-21T09:00:00Z,2.4,2.6,10.9,4.69,-115,26.4,lorawan,0
CHIRA_002,2026-01-21T10:00:00Z,2.3,2.0,6.6,4.96,-80,26.3,lorawan,0
CHIRA_002,2026-01-21T11:00:00Z,2.3,2.0,1.1,4.43,-78,25.8,satelital,0
CHIRA_002,2026-01-21T12:00:00Z,2.25,2.9,8.0,5.19,-74,25.5,gsm,0
CHIRA_002,2026-01-21T13:00:00Z,2.18,1.8,7.7,5.21,-60,25.3,satelital,0
CHIRA_002,2026-01-21T14:00:00Z,2.09,0.7,1.4,5.0,-88,24.8,lorawan,0
CHIRA_002,2026-01-21T15:00:00Z,2.06,2.9,6.9,4.59,-75,24.3,gsm,0
CHIRA_002,2026-01-21T16:00:00Z,2.0,0.4,8.0,3.61,-77,23.9,satelital,0
CHIRA_002,2026-01-21T17:00:00Z,1.99,0.4,3.4,4.9,-63,23.8,lorawan,0
CHIRA_002,2026-01-21T18:00:00Z,1.86,2.5,6.9,3.78,-74,23.3,gsm,0
CHIRA_002,2026-01-21T19:00:00Z,1.77,2.2,9.7,4.41,-70,23.1,gsm,0
CHIRA_002,2026-01-21T20:00:00Z,1.75,0.5,0.3,3.81,-91,22.9,satelital,0
CHIRA_002,2026-01-21T21:00:00Z,1.66,2.8,8.4,3.42,-92,22.5,gsm,0
CHIRA_002,2026-01-21T22:00:00Z,1.64,2.0,6.9,4.13,-83,22.3,lorawan,0
CHIRA_002,2026-01-21T23:00:00Z,1.6,2.6,1.2,3.36,-85,21.8,lorawan,0
TUMBES_002,2026-01-20T00:00:00Z,1.19,2.0,7.1,2.53,-64,98.2,gsm,0
TUMBES_002,2026-01-20T01:00:00Z,1.13,2.0,4.5,2.63,-71,97.8,gsm,0
TUMBES_002,2026-01-20T02:00:00Z,1.09,0.0,1.4,2.75,-65,97.6,gsm,0
TUMBES_002,2026-01-20T03:00:00Z,0.99,1.8,4.6,2.02,-61,97.5,gsm,0
TUMBES_002,2026-01-20T04:00:00Z,0.89,1.7,6.4,1.97,-88,97.2,lorawan,0
TUMBES_002,2026-01-20T05:00:00Z,0.79,2.7,2.2,1.77,-87,96.7,gsm,0
TUMBES_002,2026-01-20T06:00:00Z,12.3,1.7,10.2,1.85,-68,96.5,gsm,1
TUMBES_002,2026-01-20T07:00:00Z,0.68,0.1,11.3,1.51,-75,96.3,satelital,0
TUMBES_002,2026-01-20T08:00:00Z,0.58,1.5,8.3,1.06,-82,96.2,gsm,0
TUMBES_002,2026-01-20T09:00:00Z,0.54,1.8,3.3,1.21,-85,96.0,lorawan,0
TUMBES_002,2026-01-20T10:00:00Z,0.49,2.0,11.3,1.13,-83,95.8,gsm,0
TUMBES_002,2026-01-20T11:00:00Z,0.43,2.5,7.3,1.12,-91,73.4,gsm,0
TUMBES_002,2026-01-20T12:00:00Z,0.38,1.6,0.8,0.79,-81,73.2,lorawan,0
TUMBES_002,2026-01-20T13:00:00Z,0.62,14.7,110.6,1.2,-64,72.8,satelital,1
TUMBES_002,2026-01-20T14:00:00Z,0.95,13.8,113.2,1.84,-73,72.3,gsm,1
TUMBES_002,2026-01-20T15:00:00Z,1.31,10.8,90.4,2.49,-86,72.2,lorawan,1
TUMBES_002,2026-01-20T16:00:00Z,1.73,12.6,78.4,4.09,-66,72.0,satelital,1
TUMBES_002,2026-01-20T17:00:00Z,2.0,10.5,74.7,5.01,-90,71.6,satelital,1
TUMBES_002,2026-01-20T18:00:00Z,2.11,13.6,116.2,3.96,-77,71.3,satelital,1
TUMBES_002,2026-01-20T19:00:00Z,-1.5,6.1,59.7,4.83,-61,71.0,satelital,1
TUMBES_002,2026-01-20T20:00:00Z,2.87,14.2,127.5,6.89,-62,70.8,lorawan,1
TUMBES_002,2026-01-20T21:00:00Z,2.76,2.9,8.1,5.46,-63,70.7,lorawan,1
TUMBES_002,2026-01-20T22:00:00Z,2.77,1.1,4.5,5.54,-88,70.3,satelital,1
TUMBES_002,2026-01-20T23:00:00Z,2.64,0.6,8.9,5.4,-93,69.9,gsm,1
TUMBES_002,2026-01-21T00:00:00Z,2.59,0.2,0.1,4.88,-70,69.6,lorawan,1
TUMBES_002,2026-01-21T01:00:00Z,2.51,0.6,6.3,6.35,-79,69.5,satelital,1
TUMBES_002,2026-01-21T02:00:00Z,25.0,1.1,10.7,6.3,-87,69.2,satelital,1
TUMBES_002,2026-01-21T03:00:00Z,2.42,0.6,2.3,5.8,-83,68.7,gsm,0
TUMBES_002,2026-01-21T04:00:00Z,2.39,0.4,5.9,4.55,-70,68.3,gsm,0
TUMBES_002,2026-01-21T05:00:00Z,2.29,1.2,1.3,4.41,-80,68.0,satelital,0
TUMBES_002,2026-01-21T06:00:00Z,2.26,1.8,0.1,4.22,-63,67.7,satelital,0
TUMBES_002,2026-01-21T07:00:00Z,2.28,2.6,11.9,4.47,-63,67.3,lorawan,0
TUMBES_002,2026-01-21T08:00:00Z,2.17,1.8,7.6,3.97,-124,66.8,lorawan,0
TUMBES_002,2026-01-21T09:00:00Z,2.18,1.1,6.3,4.31,-68,66.6,satelital,0
TUMBES_002,2026-01-21T10:00:00Z,2.03,1.1,11.3,5.11,-75,43.2,satelital,0
TUMBES_002,2026-01-21T11:00:00Z,2.01,1.8,5.2,4.16,-60,43.1,lorawan,0
TUMBES_002,2026-01-21T12:00:00Z,1.93,2.2,4.3,4.05,-71,42.7,lorawan,0
TUMBES_002,2026-01-21T13:00:00Z,1.9,2.2,1.4,4.41,-89,42.5,gsm,0
TUMBES_002,2026-01-21T14:00:00Z,1.79,0.9,5.7,3.44,-79,42.4,gsm,0
TUMBES_002,2026-01-21T15:00:00Z,1.75,2.7,5.4,3.24,-63,42.1,lorawan,0
TUMBES_002,2026-01-21T16:00:00Z,1.69,2.1,1.5,4.12,-70,41.7,gsm,0
TUMBES_002,2026-01-21T17:00:00Z,1.59,2.9,2.0,3.85,-112,41.5,lorawan,0
TUMBES_002,2026-01-21T18:00:00Z,1.54,0.0,11.1,3.66,-77,41.3,gsm,0
TUMBES_002,2026-01-21T19:00:00Z,1.51,0.7,6.4,3.86,-92,41.0,lorawan,0
TUMBES_002,2026-01-21T20:00:00Z,1.44,0.6,1.4,3.71,-60,40.8,lorawan,0
TUMBES_002,2026-01-21T21:00:00Z,1.43,1.8,3.9,3.52,-84,40.6,lorawan,0
TUMBES_002,2026-01-21T22:00:00Z,1.28,2.9,9.3,3.07,-60,40.4,satelital,0
TUMBES_002,2026-01-21T23:00:00Z,1.26,0.8,7.0,2.42,-72,40.2,satelital,0
PIURA_002,2026-01-20T00:00:00Z,0.92,0.6,5.9,1.67,-70,75.4,lorawan,0
PIURA_002,2026-01-20T01:00:00Z,0.86,0.2,2.9,1.62,-95,75.1,satelital,0
PIURA_002,2026-01-20T02:00:00Z,0.77,0.3,0.2,1.47,-95,74.7,lorawan,0
PIURA_002,2026-01-20T03:00:00Z,0.7,0.3,8.8,1.37,-67,74.4,satelital,0
PIURA_002,2026-01-20T04:00:00Z,0.61,0.5,0.7,1.16,-77,73.9,satelital,0
PIURA_002,2026-01-20T05:00:00Z,0.51,2.7,0.3,1.19,-71,73.8,gsm,0
PIURA_002,2026-01-20T06:00:00Z,0.48,0.3,2.0,1.23,-88,73.5,lorawan,0
PIURA_002,2026-01-20T07:00:00Z,0.47,1.8,2.1,1.1,-76,73.4,satelital,0
PIURA_002,2026-01-20T08:00:00Z,0.43,0.3,11.0,1.05,-95,73.0,lorawan,0
PIURA_002,2026-01-20T09:00:00Z,0.36,0.4,1.8,0.93,-68,72.5,satelital,0
PIURA_002,2026-01-20T10:00:00Z,0.29,1.0,1.5,0.64,-74,72.2,gsm,0
PIURA_002,2026-01-20T11:00:00Z,0.3,1.1,6.6,0.67,-69,72.1,gsm,0
PIURA_002,2026-01-20T12:00:00Z,0.27,0.7,1.0,0.67,-87,71.8,lorawan,0
PIURA_002,2026-01-20T13:00:00Z,0.26,1.1,10.2,0.56,-69,71.4,lorawan,0
PIURA_002,2026-01-20T14:00:00Z,0.29,0.4,11.5,0.53,-89,70.9,lorawan,0
PIURA_002,2026-01-20T15:00:00Z,0.26,1.8,1.9,0.52,-69,70.8,lorawan,0
PIURA_002,2026-01-20T16:00:00Z,0.3,0.4,6.3,0.71,-95,70.5,lorawan,0
PIURA_002,2026-01-20T17:00:00Z,0.27,1.9,7.3,0.57,-66,70.2,satelital,0
PIURA_002,2026-01-20T18:00:00Z,0.27,1.5,8.5,0.7,-87,69.9,satelital,0
PIURA_002,2026-01-20T19:00:00Z,0.31,0.7,2.2,0.77,-75,69.5,satelital,0
PIURA_002,2026-01-20T20:00:00Z,0.27,0.5,9.6,0.51,-121,69.4,lorawan,0
PIURA_002,2026-01-20T21:00:00Z,0.28,0.2,7.2,0.63,-78,69.0,gsm,0
PIURA_002,2026-01-20T22:00:00Z,0.28,1.7,9.5,0.72,-77,68.9,gsm,0
PIURA_002,2026-01-20T23:00:00Z,0.32,2.3,8.7,0.6,-89,68.7,lorawan,0
PIURA_002,2026-01-21T00:00:00Z,0.25,2.4,5.7,0.48,-90,68.3,lorawan,0
PIURA_002,2026-01-21T01:00:00Z,0.27,2.4,7.9,0.69,-62,68.0,satelital,0
PIURA_002,2026-01-21T02:00:00Z,0.34,0.4,3.5,0.62,-80,67.6,gsm,0
PIURA_002,2026-01-21T03:00:00Z,0.26,2.9,6.8,0.47,-90,67.2,satelital,0
PIURA_002,2026-01-21T04:00:00Z,0.29,2.8,1.9,0.54,-79,67.0,satelital,0
PIURA_002,2026-01-21T05:00:00Z,0.35,1.3,11.1,0.77,-69,66.8,gsm,0
PIURA_002,2026-01-21T06:00:00Z,0.29,1.1,10.1,0.68,-93,66.5,gsm,0
PIURA_002,2026-01-21T07:00:00Z,0.27,2.4,8.4,0.51,-91,66.2,satelital,0
PIURA_002,2026-01-21T08:00:00Z,0.33,1.0,5.6,0.62,-70,66.0,lorawan,0
PIURA_002,2026-01-21T09:00:00Z,0.27,0.2,4.1,0.65,-61,65.9,satelital,0
PIURA_002,2026-01-21T10:00:00Z,0.33,0.6,6.8,0.61,-65,65.5,lorawan,0
PIURA_002,2026-01-21T11:00:00Z,0.31,2.9,8.2,0.58,-76,65.3,satelital,0
PIURA_002,2026-01-21T12:00:00Z,0.33,1.6,8.0,0.62,-76,64.9,satelital,0
PIURA_002,2026-01-21T13:00:00Z,0.73,10.3,84.1,1.57,-95,64.4,gsm,1
PIURA_002,2026-01-21T14:00:00Z,0.89,12.5,104.0,2.19,-102,64.0,satelital,1
PIURA_002,2026-01-21T15:00:00Z,1.28,10.5,76.3,2.57,-87,63.6,gsm,1
PIURA_002,2026-01-21T16:00:00Z,1.7,6.9,47.3,3.8,-73,63.5,lorawan,0
PIURA_002,2026-01-21T17:00:00Z,2.06,11.2,67.8,5.19,-64,63.2,satelital,1
PIURA_002,2026-01-21T18:00:00Z,2.1,1.1,9.9,4.34,-72,62.7,gsm,0
PIURA_002,2026-01-21T19:00:00Z,2.0,1.3,3.4,4.61,-89,62.3,lorawan,0
PIURA_002,2026-01-21T20:00:00Z,1.97,0.0,11.2,4.53,-63,62.0,lorawan,0
PIURA_002,2026-01-21T21:00:00Z,1.87,2.6,2.5,3.54,-73,61.6,satelital,0
PIURA_002,2026-01-21T22:00:00Z,1.74,2.5,8.4,3.65,-79,61.4,satelital,0
PIURA_002,2026-01-21T23:00:00Z,1.72,0.0,10.9,4.18,-75,60.9,gsm,0
MARANON_002,2026-01-20T00:00:00Z,0.97,1.9,9.9,1.85,-84,98.9,satelital,0
MARANON_002,2026-01-20T01:00:00Z,0.87,1.3,1.2,2.01,-79,98.4,lorawan,0
MARANON_002,2026-01-20T02:00:00Z,0.83,0.6,1.1,1.89,-90,98.3,lorawan,0
MARANON_002,2026-01-20T03:00:00Z,0.73,0.4,5.4,1.45,-61,97.9,gsm,0
MARANON_002,2026-01-20T04:00:00Z,0.65,2.4,9.2,1.66,-89,97.5,gsm,0
MARANON_002,2026-01-20T05:00:00Z,0.6,0.4,3.1,1.49,-89,97.1,lorawan,0
MARANON_002,2026-01-20T06:00:00Z,0.6,1.5,7.5,1.51,-85,96.7,lorawan,0
MARANON_002,2026-01-20T07:00:00Z,0.48,2.0,7.6,1.0,-114,96.5,gsm,0
MARANON_002,2026-01-20T08:00:00Z,0.45,0.4,7.3,1.08,-126,96.3,lorawan,0
MARANON_002,2026-01-20T09:00:00Z,0.38,2.1,1.5,0.71,-66,95.9,satelital,0
MARANON_002,2026-01-20T10:00:00Z,0.34,2.8,11.1,0.84,-89,95.5,gsm,0
MARANON_002,2026-01-20T11:00:00Z,0.35,2.4,11.4,0.75,-89,95.1,satelital,0
MARANON_002,2026-01-20T12:00:00Z,0.29,1.1,10.8,0.73,-69,94.6,gsm,0
MARANON_002,2026-01-20T13:00:00Z,0.33,1.6,4.8,0.71,-82,94.4,satelital,0
MARANON_002,2026-01-20T14:00:00Z,0.32,0.9,0.1,0.63,-81,94.1,satelital,0
MARANON_002,2026-01-20T15:00:00Z,0.32,0.6,2.6,0.82,-69,93.7,satelital,0
MARANON_002,2026-01-20T16:00:00Z,0.69,8.9,60.3,1.79,-85,93.4,gsm,0
MARANON_002,2026-01-20T17:00:00Z,1.07,11.2,79.9,2.77,-113,93.0,gsm,1
MARANON_002,2026-01-20T18:00:00Z,1.24,11.8,74.1,2.95,-70,92.8,satelital,1
MARANON_002,2026-01-20T19:00:00Z,1.66,6.4,46.2,3.84,-129,92.3,lorawan,0
MARANON_002,2026-01-20T20:00:00Z,2.0,14.9,141.1,3.74,-61,91.9,gsm,1
MARANON_002,2026-01-20T21:00:00Z,2.25,8.3,76.2,4.19,-71,91.7,lorawan,0
MARANON_002,2026-01-20T22:00:00Z,2.42,11.3,72.9,5.49,-67,91.2,gsm,1
MARANON_002,2026-01-20T23:00:00Z,2.88,11.2,96.8,6.87,-77,91.0,satelital,1
MARANON_002,2026-01-21T00:00:00Z,2.79,2.6,7.9,5.2,-95,90.5,satelital,1
MARANON_002,2026-01-21T01:00:00Z,2.79,0.6,1.3,6.2,-76,90.1,gsm,1
MARANON_002,2026-01-21T02:00:00Z,2.73,1.5,11.0,7.04,-70,89.7,satelital,1
MARANON_002,2026-01-21T03:00:00Z,2.64,2.1,11.4,5.73,-94,89.5,lorawan,1
MARANON_002,2026-01-21T04:00:00Z,2.59,1.4,6.4,5.8,-70,89.3,gsm,1
MARANON_002,2026-01-21T05:00:00Z,2.59,1.3,4.4,6.58,-84,89.1,gsm,1
MARANON_002,2026-01-21T06:00:00Z,2.56,1.6,1.3,4.84,-78,88.9,gsm,1
MARANON_002,2026-01-21T07:00:00Z,2.49,0.7,7.4,4.68,-78,88.6,lorawan,0
MARANON_002,2026-01-21T08:00:00Z,2.46,1.0,3.5,4.61,-65,88.3,gsm,0
MARANON_002,2026-01-21T09:00:00Z,2.44,0.9,0.8,4.67,-122,88.1,lorawan,0
MARANON_002,2026-01-21T10:00:00Z,2.35,2.3,0.1,4.23,-93,87.7,gsm,0
MARANON_002,2026-01-21T11:00:00Z,2.32,0.9,2.7,5.61,-74,87.6,gsm,0
MARANON_002,2026-01-21T12:00:00Z,2.25,1.6,8.0,5.54,-62,87.3,gsm,0
MARANON_002,2026-01-21T13:00:00Z,2.15,0.8,6.2,4.58,-73,87.2,lorawan,0
MARANON_002,2026-01-21T14:00:00Z,2.1,2.1,5.2,5.33,-78,86.9,gsm,0
MARANON_002,2026-01-21T15:00:00Z,2.02,2.7,11.8,5.11,-69,86.7,satelital,0
MARANON_002,2026-01-21T16:00:00Z,2.02,0.1,6.2,4.34,-73,86.4,lorawan,0
MARANON_002,2026-01-21T17:00:00Z,2.02,2.1,5.6,4.64,-77,86.0,satelital,0
MARANON_002,2026-01-21T18:00:00Z,1.86,0.1,3.4,3.8,-95,85.7,lorawan,0
MARANON_002,2026-01-21T19:00:00Z,1.86,0.8,10.3,3.58,-83,85.6,lorawan,0
MARANON_002,2026-01-21T20:00:00Z,1.81,0.1,11.2,3.82,-79,85.3,gsm,0
MARANON_002,2026-01-21T21:00:00Z,1.76,1.7,8.1,4.13,-60,85.2,satelital,0
MARANON_002,2026-01-21T22:00:00Z,1.67,1.7,7.5,4.18,-67,84.9,gsm,0
MARANON_002,2026-01-21T23:00:00Z,1.62,2.1,5.6,3.45,-69,84.8,lorawan,0
UCAYALI_002,2026-01-20T00:00:00Z,1.02,0.4,6.5,2.45,-95,77.0,gsm,0
UCAYALI_002,2026-01-20T01:00:00Z,0.97,0.2,0.7,2.0,-65,76.9,lorawan,0
UCAYALI_002,2026-01-20T02:00:00Z,0.89,1.8,6.1,1.97,-87,76.6,gsm,0
UCAYALI_002,2026-01-20T03:00:00Z,0.84,0.5,7.5,2.05,-111,76.2,lorawan,0
UCAYALI_002,2026-01-20T04:00:00Z,0.77,0.7,1.2,1.63,-65,75.7,lorawan,0
UCAYALI_002,2026-01-20T05:00:00Z,0.74,1.6,9.9,1.7,-84,75.5,gsm,0
UCAYALI_002,2026-01-20T06:00:00Z,0.63,0.5,8.9,1.28,-64,75.1,satelital,0
UCAYALI_002,2026-01-20T07:00:00Z,0.57,2.1,1.3,1.04,-95,74.8,lorawan,0
UCAYALI_002,2026-01-20T08:00:00Z,0.6,2.7,7.4,1.54,-125,74.5,satelital,0
UCAYALI_002,2026-01-20T09:00:00Z,0.47,2.6,2.5,1.04,-74,74.4,lorawan,0
UCAYALI_002,2026-01-20T10:00:00Z,0.46,2.3,3.6,1.07,-84,74.1,gsm,0
UCAYALI_002,2026-01-20T11:00:00Z,0.41,1.6,1.6,0.85,-107,73.8,lorawan,0
UCAYALI_002,2026-01-20T12:00:00Z,0.28,2.0,6.0,0.56,-80,73.4,lorawan,0
UCAYALI_002,2026-01-20T13:00:00Z,0.26,1.2,11.7,0.52,-67,73.2,gsm,0
UCAYALI_002,2026-01-20T14:00:00Z,0.29,0.1,2.1,0.55,-83,72.9,satelital,0
UCAYALI_002,2026-01-20T15:00:00Z,0.3,0.7,8.9,0.73,-89,43.6,lorawan,0
UCAYALI_002,2026-01-20T16:00:00Z,0.26,1.1,4.9,0.51,-62,43.2,lorawan,0
UCAYALI_002,2026-01-20T17:00:00Z,0.31,1.4,4.2,0.59,-71,43.0,gsm,0
UCAYALI_002,2026-01-20T18:00:00Z,0.27,2.3,3.6,0.62,-77,42.8,satelital,0
UCAYALI_002,2026-01-20T19:00:00Z,0.28,1.1,10.5,0.62,-63,42.6,gsm,0
UCAYALI_002,2026-01-20T20:00:00Z,0.34,2.1,1.3,0.68,-79,42.5,lorawan,0
UCAYALI_002,2026-01-20T21:00:00Z,0.32,1.6,8.8,0.8,-93,42.3,lorawan,0
UCAYALI_002,2026-01-20T22:00:00Z,0.31,1.8,7.3,0.79,-93,42.1,lorawan,0
UCAYALI_002,2026-01-20T23:00:00Z,0.35,1.3,3.6,0.64,-83,42.0,satelital,0
UCAYALI_002,2026-01-21T00:00:00Z,0.33,2.2,6.6,0.78,-87,41.7,lorawan,0
UCAYALI_002,2026-01-21T01:00:00Z,0.29,2.9,4.4,0.54,-81,41.5,gsm,0
UCAYALI_002,2026-01-21T02:00:00Z,0.7,14.9,90.4,1.3,-93,41.4,gsm,1
UCAYALI_002,2026-01-21T03:00:00Z,1.0,8.2,58.8,1.9,-61,41.2,gsm,0
UCAYALI_002,2026-01-21T04:00:00Z,1.24,9.2,89.0,3.17,-80,40.8,satelital,0
UCAYALI_002,2026-01-21T05:00:00Z,1.46,10.9,69.8,3.74,-87,40.5,gsm,1
UCAYALI_002,2026-01-21T06:00:00Z,1.76,12.7,86.8,3.37,-66,40.0,lorawan,1
UCAYALI_002,2026-01-21T07:00:00Z,2.03,6.3,44.8,3.79,-118,39.8,satelital,0
UCAYALI_002,2026-01-21T08:00:00Z,1.93,0.7,4.6,4.49,-94,39.7,satelital,0
UCAYALI_002,2026-01-21T09:00:00Z,1.88,2.7,9.7,3.9,-68,39.3,gsm,0
UCAYALI_002,2026-01-21T10:00:00Z,1.8,2.4,6.6,3.65,-68,38.8,gsm,0
UCAYALI_002,2026-01-21T11:00:00Z,1.75,0.8,11.5,3.48,-78,38.3,lorawan,0
UCAYALI_002,2026-01-21T12:00:00Z,1.66,0.9,6.9,3.34,-95,38.1,gsm,0
UCAYALI_002,2026-01-21T13:00:00Z,1.57,2.5,10.2,2.84,-60,38.0,lorawan,0
UCAYALI_002,2026-01-21T14:00:00Z,1.6,0.2,10.8,3.44,-79,37.8,lorawan,0
UCAYALI_002,2026-01-21T15:00:00Z,1.46,0.5,10.5,3.39,-67,37.6,lorawan,0
UCAYALI_002,2026-01-21T16:00:00Z,1.43,0.7,11.4,2.59,-61,37.2,gsm,0
UCAYALI_002,2026-01-21T17:00:00Z,1.32,0.3,6.1,2.59,-69,36.9,satelital,0
UCAYALI_002,2026-01-21T18:00:00Z,1.26,0.4,3.9,2.68,-77,36.5,lorawan,0
UCAYALI_002,2026-01-21T19:00:00Z,1.17,0.9,1.8,2.3,-63,36.3,gsm,0
UCAYALI_002,2026-01-21T20:00:00Z,1.21,0.6,10.0,2.55,-91,35.8,lorawan,0
UCAYALI_002,2026-01-21T21:00:00Z,1.11,3.0,7.6,2.11,-65,35.3,gsm,0
UCAYALI_002,2026-01-21T22:00:00Z,1.04,0.8,10.0,2.07,-66,34.9,lorawan,0
UCAYALI_002,2026-01-21T23:00:00Z,0.97,1.3,11.5,2.18,-65,34.8,satelital,0
